Player,Pos,Age,Tm,G,MP,FG,FGA,FG%,3P,3PA,3P%,2P,2PA,2P%,eFG%,FT,FTA,FT%,ORB,DRB,TRB,AST,STL,BLK,TOV,PF,PPG
Álex Abrines,SG,25,OKC,31,19.0,1.8,5.1,35.7,1.3,4.1,32.3,0.5,1.0,50.0,48.7,0.4,0.4,92.3,0.2,1.4,1.5,0.6,0.5,0.2,0.5,1.7,5.3
Quincy Acy,PF,28,PHO,10,12.3,0.4,1.8,22.2,0.2,1.5,13.3,0.2,0.3,66.7,27.8,0.7,1.0,70.0,0.3,2.2,2.5,0.8,0.1,0.4,0.4,2.4,1.7
Jaylen Adams,PG,22,ATL,34,12.6,1.1,3.2,34.5,0.7,2.2,33.8,0.4,1.1,36.1,45.9,0.2,0.3,77.8,0.3,1.4,1.8,1.9,0.4,0.1,0.8,1.3,3.2
Steven Adams,C,25,OKC,80,33.4,6.0,10.1,59.5,0.0,0.0,0.0,6.0,10.1,59.6,59.5,1.8,3.7,50.0,4.9,4.6,9.5,1.6,1.5,1.0,1.7,2.6,13.9
Bam Adebayo,C,21,MIA,82,23.3,3.4,5.9,57.6,0.0,0.2,20.0,3.4,5.7,58.8,57.9,2.0,2.8,73.5,2.0,5.3,7.3,2.2,0.9,0.8,1.5,2.5,8.9
Deng Adel,SF,21,CLE,19,10.2,0.6,1.9,30.6,0.3,1.2,26.1,0.3,0.7,38.5,38.9,0.2,0.2,0.0,0.2,0.8,1.0,0.3,0.1,0.2,0.3,0.7,1.7
DeVaughn Akoon-Purcell,SG,25,DEN,7,3.1,0.4,1.4,30.0,0.0,0.6,0.0,0.4,0.9,50.0,30.0,0.1,0.3,50.0,0.1,0.4,0.6,0.9,0.3,0.0,0.3,0.6,1.0
LaMarcus Aldridge,C,33,SAS,81,33.2,8.4,16.3,51.9,0.1,0.5,23.8,8.3,15.8,52.8,52.2,4.3,5.1,84.7,3.1,6.1,9.2,2.4,0.5,1.3,1.8,2.2,21.3
Rawle Alkins,SG,21,CHI,10,12.0,1.3,3.9,33.3,0.3,1.2,25.0,1.0,2.7,37.0,37.2,0.8,1.2,66.7,1.1,1.5,2.6,1.3,0.1,0.0,0.8,0.7,3.7
Grayson Allen,SG,23,UTA,38,10.9,1.8,4.7,37.6,0.8,2.6,32.3,0.9,2.1,44.3,46.6,1.2,1.6,75.0,0.1,0.5,0.6,0.7,0.2,0.2,0.9,1.2,5.6
Jarrett Allen,C,20,BRK,80,26.2,4.2,7.1,59.0,0.1,0.6,13.3,4.1,6.5,62.9,59.5,2.5,3.5,70.9,2.4,6.0,8.4,1.4,0.5,1.5,1.3,2.3,10.9
Kadeem Allen,PG,26,NYK,19,21.9,3.4,7.4,46.1,0.9,1.9,47.2,2.5,5.5,45.7,52.1,2.2,2.8,77.8,0.4,2.3,2.7,4.0,0.8,0.2,1.4,2.4,9.9
Al-Farouq Aminu,PF,28,POR,81,28.3,3.2,7.3,43.3,1.2,3.5,34.3,2.0,3.9,51.4,51.4,1.9,2.1,86.7,1.4,6.1,7.5,1.3,0.8,0.4,0.9,1.8,9.4
Justin Anderson,SF,25,ATL,48,9.6,1.3,3.3,40.8,0.5,1.6,31.2,0.8,1.7,50.0,48.4,0.5,0.7,74.3,0.5,1.3,1.8,0.5,0.5,0.3,0.5,1.0,3.7
Kyle Anderson,SF,25,MEM,43,29.8,3.5,6.4,54.3,0.2,0.8,26.5,3.3,5.6,58.3,56.0,0.9,1.5,57.8,1.1,4.7,5.8,3.0,1.3,0.9,1.3,2.6,8.0
Ryan Anderson,PF,30,TOT,25,12.9,0.8,2.8,30.4,0.4,1.6,22.5,0.5,1.2,41.4,37.0,0.5,0.6,75.0,0.7,1.4,2.2,0.8,0.2,0.0,0.6,1.0,2.5
Ike Anigbogu,C,20,IND,3,2.0,0.0,1.0,0.0,0.0,0.0,,0.0,1.0,0.0,0.0,0.0,0.0,,0.3,0.7,1.0,0.3,0.0,0.3,0.3,0.0,0.0
Giannis Antetokounmpo,PF,24,MIL,72,32.8,10.0,17.3,57.8,0.7,2.8,25.6,9.3,14.5,64.1,59.9,6.9,9.5,72.9,2.2,10.3,12.5,5.9,1.3,1.5,3.7,3.2,27.7
Kostas Antetokounmpo,PF,21,DAL,2,5.5,0.0,1.5,0.0,0.0,0.0,,0.0,1.5,0.0,0.0,1.0,2.0,50.0,0.0,0.5,0.5,0.0,1.0,0.0,0.5,0.0,1.0
Carmelo Anthony,PF,34,HOU,10,29.4,4.9,12.1,40.5,2.1,6.4,32.8,2.8,5.7,49.1,49.2,1.5,2.2,68.2,0.9,4.5,5.4,0.5,0.4,0.7,0.8,3.2,13.4
OG Anunoby,SF,21,TOR,67,20.2,2.7,6.0,45.3,1.0,3.0,33.2,1.7,3.0,57.4,53.6,0.5,0.9,58.1,0.9,2.1,2.9,0.7,0.7,0.3,0.8,2.1,7.0
Ryan Arcidiacono,PG,24,CHI,81,24.2,2.3,5.2,44.7,1.0,2.7,37.3,1.3,2.5,52.7,54.4,1.1,1.3,87.3,0.3,2.4,2.7,3.3,0.8,0.0,0.8,2.1,6.7
Trevor Ariza,SF,33,TOT,69,34.0,4.3,10.7,39.9,2.1,6.3,33.4,2.2,4.4,49.3,49.8,1.9,2.4,79.3,0.7,4.7,5.4,3.7,1.3,0.3,1.5,1.9,12.5
D.J. Augustin,PG,31,ORL,81,28.0,3.9,8.4,47.0,1.6,3.8,42.1,2.3,4.5,51.1,56.6,2.2,2.6,86.6,0.5,2.0,2.5,5.3,0.6,0.0,1.6,1.4,11.7
Deandre Ayton,C,20,PHO,71,30.7,7.2,12.3,58.5,0.0,0.1,0.0,7.2,12.2,58.8,58.5,2.0,2.7,74.6,3.1,7.1,10.3,1.8,0.9,0.9,1.8,2.9,16.3
Dwayne Bacon,SG,23,CHO,43,17.7,2.8,6.0,47.5,0.9,2.0,43.7,2.0,4.0,49.4,54.9,0.8,1.1,73.9,0.2,1.9,2.1,1.1,0.3,0.1,0.4,1.7,7.3
Marvin Bagley III,PF,19,SAC,62,25.3,5.7,11.4,50.4,0.5,1.5,31.3,5.3,9.8,53.4,52.5,2.9,4.2,69.1,2.6,5.0,7.6,1.0,0.5,1.0,1.6,1.9,14.9
Ron Baker,SG,25,TOT,15,10.1,0.3,1.3,20.0,0.1,0.9,7.7,0.2,0.5,42.9,22.5,0.3,0.4,83.3,0.1,0.7,0.7,1.0,0.4,0.1,0.3,1.2,0.9
Wade Baldwin,PG,22,POR,16,5.9,0.6,2.1,30.3,0.1,0.6,22.2,0.5,1.5,33.3,33.3,0.5,0.7,72.7,0.1,0.8,0.9,0.8,0.1,0.1,0.9,0.7,1.9
Lonzo Ball,PG,21,LAL,47,30.3,3.9,9.7,40.6,1.6,4.9,32.9,2.3,4.9,48.2,48.8,0.4,1.0,41.7,1.1,4.2,5.3,5.4,1.5,0.4,2.2,2.4,9.9
Mo Bamba,C,20,ORL,47,16.3,2.5,5.2,48.1,0.4,1.5,30.0,2.0,3.7,55.5,52.5,0.8,1.3,58.7,1.4,3.6,5.0,0.8,0.3,1.4,0.9,2.2,6.2
J.J. Barea,PG,34,DAL,38,19.8,4.2,10.1,41.8,1.0,3.4,29.7,3.2,6.8,47.9,46.8,1.4,2.1,70.5,0.3,2.2,2.5,5.6,0.6,0.0,1.9,1.3,10.9
Harrison Barnes,PF-SF,26,TOT,77,32.9,5.6,13.3,42.0,2.3,5.7,39.5,3.3,7.6,43.9,50.4,3.0,3.6,82.4,0.7,3.9,4.7,1.5,0.6,0.2,1.3,1.6,16.4
Will Barton,SF,28,DEN,43,27.7,4.3,10.7,40.2,1.6,4.6,34.2,2.7,6.1,44.7,47.5,1.3,1.7,77.0,0.7,3.9,4.6,2.9,0.4,0.5,1.5,1.9,11.5
Keita Bates-Diop,SF,23,MIN,30,16.8,2.0,4.7,42.3,0.4,1.7,25.0,1.6,3.0,52.2,46.8,0.6,0.9,64.3,0.5,2.2,2.8,0.6,0.6,0.5,0.5,1.0,5.0
Nicolas Batum,SF,30,CHO,75,31.4,3.4,7.5,45.0,1.5,4.0,38.9,1.8,3.5,51.9,55.3,1.0,1.2,86.5,0.9,4.3,5.2,3.3,0.9,0.6,1.6,1.9,9.3
Jerryd Bayless,PG,30,MIN,34,19.3,2.4,6.8,35.7,0.9,2.9,29.6,1.6,3.9,40.2,42.0,0.5,0.8,57.1,0.3,1.5,1.8,3.5,0.5,0.1,0.9,1.6,6.1
Aron Baynes,C,32,BOS,51,16.1,2.1,4.4,47.1,0.4,1.2,34.4,1.6,3.2,51.9,51.8,1.0,1.2,85.5,1.7,3.0,4.7,1.1,0.2,0.7,0.8,2.5,5.6
Kent Bazemore,SG,29,ATL,67,24.5,4.1,10.3,40.2,1.4,4.5,32.0,2.7,5.8,46.5,47.2,1.9,2.6,72.6,0.6,3.3,3.9,2.3,1.3,0.6,1.8,2.5,11.6
Bradley Beal,SG,25,WAS,82,36.9,9.3,19.6,47.5,2.5,7.3,35.1,6.8,12.4,54.8,54.0,4.4,5.5,80.8,1.1,3.9,5.0,5.5,1.5,0.7,2.7,2.8,25.6
Malik Beasley,SG,22,DEN,81,23.2,4.3,9.1,47.4,2.0,5.0,40.2,2.3,4.1,56.0,58.4,0.7,0.8,84.8,0.4,2.0,2.5,1.2,0.7,0.1,0.7,1.4,11.3
Michael Beasley,PF,30,LAL,26,10.7,2.9,5.9,49.0,0.1,0.7,17.6,2.8,5.2,52.9,50.0,1.1,1.5,71.8,0.5,1.8,2.3,1.0,0.3,0.4,1.0,1.6,7.0
Marco Belinelli,SG,32,SAS,79,23.0,3.6,8.7,41.3,1.9,5.0,37.2,1.7,3.7,46.8,52.0,1.4,1.6,90.3,0.2,2.3,2.5,1.7,0.4,0.1,0.9,1.5,10.5
Jordan Bell,C,24,GSW,68,11.6,1.5,2.8,51.6,0.0,0.0,0.0,1.5,2.8,52.1,51.6,0.4,0.6,61.0,0.8,1.9,2.7,1.1,0.3,0.8,0.6,1.2,3.3
DeAndre' Bembry,SG,24,ATL,82,23.5,3.4,7.5,44.6,0.6,2.1,28.9,2.7,5.4,50.8,48.7,1.1,1.7,64.0,0.7,3.7,4.4,2.5,1.3,0.5,1.7,2.3,8.4
Dragan Bender,PF,21,PHO,46,18.0,1.9,4.3,44.7,0.5,2.2,21.8,1.4,2.1,68.8,50.3,0.7,1.2,59.3,0.7,3.2,4.0,1.2,0.4,0.5,0.8,2.0,5.0
Dairis Bertāns,SG,29,NOP,12,13.9,1.0,3.9,25.5,0.8,2.8,29.4,0.2,1.1,15.4,36.2,0.0,0.0,,0.2,0.6,0.8,0.8,0.1,0.0,0.2,0.6,2.8
Dāvis Bertāns,PF,26,SAS,76,21.5,2.7,6.0,45.0,1.9,4.4,42.9,0.8,1.5,51.3,61.0,0.7,0.8,88.3,0.3,3.2,3.5,1.3,0.5,0.4,0.6,1.8,8.0
Patrick Beverley,PG,30,LAC,78,27.4,2.5,6.1,40.7,1.4,3.6,39.7,1.1,2.5,42.1,52.4,1.2,1.6,78.0,1.0,4.0,5.0,3.8,0.9,0.6,1.1,3.4,7.6
Khem Birch,C,26,ORL,50,12.9,1.8,3.0,60.3,0.0,0.0,0.0,1.8,3.0,60.7,60.3,1.2,1.7,69.9,1.6,2.2,3.8,0.8,0.4,0.6,0.4,1.4,4.8
Bismack Biyombo,C,26,CHO,54,14.5,1.6,2.9,57.1,0.0,0.0,,1.6,2.9,57.1,57.1,1.1,1.7,63.7,1.5,3.1,4.6,0.6,0.2,0.8,0.6,1.9,4.4
Nemanja Bjelica,PF,30,SAC,77,23.2,3.7,7.7,47.9,1.3,3.3,40.1,2.4,4.4,53.9,56.6,0.9,1.2,76.1,1.6,4.1,5.8,1.9,0.7,0.7,1.1,2.6,9.6
Antonio Blakeney,SG,22,CHI,57,14.5,2.9,6.9,41.9,0.6,1.6,39.6,2.3,5.4,42.6,46.5,0.9,1.3,65.8,0.1,1.7,1.9,0.7,0.2,0.2,0.6,0.7,7.3
Eric Bledsoe,PG,29,MIL,78,29.1,6.0,12.4,48.4,1.6,4.8,32.9,4.4,7.6,58.2,54.8,2.3,3.0,75.0,1.1,3.6,4.6,5.5,1.5,0.4,2.1,2.0,15.9
Jaron Blossomgame,SF,25,CLE,27,16.3,1.7,3.9,44.3,0.4,1.4,25.6,1.4,2.5,55.2,49.1,0.4,0.5,76.9,1.0,2.7,3.6,0.5,0.3,0.3,0.4,0.7,4.2
Bogdan Bogdanović,SG,26,SAC,70,27.8,5.2,12.3,41.8,1.9,5.3,36.0,3.2,7.0,46.2,49.6,1.9,2.3,82.7,0.6,2.9,3.5,3.8,1.0,0.2,1.7,2.0,14.1
Bojan Bogdanović,SF,29,IND,81,31.8,6.4,13.0,49.7,2.0,4.8,42.5,4.4,8.2,53.8,57.5,3.0,3.8,80.7,0.4,3.7,4.1,2.0,0.9,0.0,1.7,1.7,18.0
Andrew Bogut,C,34,GSW,11,12.2,1.6,3.3,50.0,0.0,0.0,,1.6,3.3,50.0,50.0,0.3,0.3,0.0,1.1,3.9,5.0,1.0,0.3,0.7,0.7,2.0,3.5
Jonah Bolden,PF,23,PHI,44,14.5,1.8,3.7,49.4,0.8,2.2,35.4,1.0,1.5,69.7,59.9,0.3,0.6,48.1,1.1,2.7,3.8,0.9,0.4,0.9,0.8,2.3,4.7
Isaac Bonga,PG,19,LAL,22,5.5,0.2,1.5,15.2,0.0,0.4,0.0,0.2,1.1,20.0,15.2,0.4,0.7,60.0,0.4,0.7,1.1,0.7,0.4,0.2,0.3,0.4,0.9
Devin Booker,SG,22,PHO,64,35.0,9.2,19.6,46.7,2.1,6.5,32.6,7.0,13.1,53.6,52.1,6.1,7.1,86.6,0.6,3.5,4.1,6.8,0.9,0.2,4.1,3.1,26.6
Chris Boucher,PF,26,TOR,28,5.8,1.2,2.7,44.7,0.4,1.3,32.4,0.8,1.4,56.4,52.6,0.5,0.5,86.7,0.6,1.4,2.0,0.1,0.2,0.9,0.3,1.1,3.3
Avery Bradley,SG,28,TOT,63,30.2,3.9,9.7,40.8,1.4,3.9,35.1,2.6,5.8,44.6,47.9,0.7,0.8,86.0,0.7,2.1,2.8,2.4,0.7,0.3,1.4,2.7,9.9
Tony Bradley,C,21,UTA,3,12.0,2.7,5.3,50.0,0.0,0.0,,2.7,5.3,50.0,50.0,0.3,0.7,50.0,3.0,2.0,5.0,0.3,0.7,0.7,1.0,2.0,5.7
Corey Brewer,SF,32,TOT,31,15.9,1.7,4.0,43.1,0.5,1.4,31.8,1.3,2.5,49.4,48.8,1.0,1.4,72.1,0.8,1.6,2.5,1.3,1.0,0.2,0.6,2.0,4.9
Mikal Bridges,SF,22,PHO,82,29.5,3.0,6.9,43.0,1.3,3.8,33.5,1.7,3.0,54.8,52.3,1.2,1.4,80.5,0.7,2.5,3.2,2.1,1.6,0.5,0.9,2.5,8.3
Miles Bridges,SF,20,CHO,80,21.2,3.0,6.4,46.4,0.8,2.5,32.5,2.2,3.9,55.3,52.7,0.7,1.0,75.3,0.8,3.2,4.0,1.2,0.7,0.6,0.6,1.4,7.5
Isaiah Briscoe,PG,22,ORL,39,14.3,1.4,3.5,39.9,0.3,0.9,32.4,1.1,2.7,42.3,43.8,0.4,0.7,57.7,0.1,1.8,1.9,2.2,0.3,0.1,0.8,1.7,3.5
Ryan Broekhoff,SG,28,DAL,42,10.8,1.4,3.0,45.2,0.9,2.2,40.9,0.5,0.8,57.6,60.3,0.4,0.5,78.9,0.2,1.3,1.5,0.5,0.1,0.1,0.4,0.8,4.0
Malcolm Brogdon,SG,26,MIL,64,28.6,5.9,11.7,50.5,1.6,3.8,42.6,4.3,7.9,54.4,57.5,2.2,2.4,92.8,1.0,3.5,4.5,3.2,0.7,0.2,1.4,1.6,15.6
Dillon Brooks,SF,23,MEM,18,18.3,2.7,6.8,40.2,0.8,2.2,37.5,1.9,4.6,41.5,46.3,1.2,1.7,73.3,0.5,1.2,1.7,0.9,0.6,0.2,1.1,2.8,7.5
MarShon Brooks,SG,30,MEM,29,13.3,2.6,5.8,45.0,0.5,1.9,27.8,2.1,4.0,53.0,49.4,0.8,1.1,69.7,0.4,1.1,1.6,0.9,0.3,0.1,0.7,1.1,6.6
Bruce Brown,SG,22,DET,74,19.6,1.7,4.2,39.8,0.3,1.3,25.8,1.4,3.0,45.7,43.6,0.6,0.8,75.0,0.6,1.9,2.5,1.2,0.5,0.5,0.6,2.4,4.3
Jaylen Brown,SG,22,BOS,74,25.9,5.0,10.7,46.5,1.3,3.7,34.4,3.7,7.0,52.9,52.5,1.8,2.7,65.8,0.9,3.4,4.2,1.4,0.9,0.4,1.3,2.5,13.0
Lorenzo Brown,PG,28,TOR,26,8.2,0.9,2.7,32.4,0.2,1.1,21.4,0.7,1.7,39.5,36.6,0.1,0.1,0.0,0.2,1.0,1.2,1.1,0.5,0.2,0.6,0.8,2.1
Sterling Brown,SG,23,MIL,58,17.8,2.5,5.4,46.5,0.9,2.5,36.1,1.6,2.8,55.8,55.0,0.5,0.7,69.0,0.5,2.7,3.2,1.4,0.4,0.1,0.8,1.5,6.4
Troy Brown Jr.,SF,19,WAS,52,14.0,1.9,4.5,41.5,0.4,1.3,31.9,1.4,3.2,45.5,46.2,0.6,0.9,68.1,0.7,2.1,2.8,1.5,0.4,0.1,0.6,1.1,4.8
Jalen Brunson,PG,22,DAL,73,21.8,3.6,7.7,46.7,0.9,2.5,34.8,2.8,5.3,52.3,52.3,1.2,1.6,72.5,0.3,2.0,2.3,3.2,0.5,0.1,1.2,1.7,9.3
Thomas Bryant,C,21,WAS,72,20.8,4.3,7.0,61.6,0.5,1.4,33.3,3.8,5.6,68.5,64.8,1.5,1.9,78.1,1.6,4.7,6.3,1.3,0.3,0.9,0.8,1.8,10.5
Reggie Bullock,SG,27,TOT,63,29.8,3.9,9.4,41.2,2.3,6.2,37.7,1.5,3.2,48.3,53.7,1.2,1.3,85.9,0.3,2.4,2.7,2.0,0.6,0.2,1.0,1.7,11.3
Trey Burke,PG,26,TOT,58,19.4,4.1,9.4,43.1,1.0,2.7,35.2,3.1,6.7,46.3,48.2,1.8,2.1,83.1,0.5,1.2,1.7,2.7,0.6,0.1,0.8,1.0,10.9
Alec Burks,SG,27,TOT,64,21.5,3.0,7.4,40.5,1.0,2.6,36.3,2.0,4.8,42.8,46.9,1.8,2.2,82.3,0.5,3.2,3.7,2.0,0.6,0.3,1.0,1.4,8.8
Deonte Burton,SG,25,OKC,32,7.5,1.0,2.6,40.2,0.3,0.8,29.6,0.8,1.7,45.5,45.1,0.3,0.4,66.7,0.1,0.8,0.9,0.3,0.2,0.3,0.3,1.0,2.6
Jimmy Butler,SF-SG,29,TOT,65,33.6,6.4,13.9,46.2,1.0,3.0,34.7,5.4,10.9,49.4,49.9,4.8,5.6,85.5,1.9,3.4,5.3,4.0,1.9,0.6,1.5,1.7,18.7
Bruno Caboclo,PF,23,MEM,34,23.5,2.8,6.6,42.7,1.4,3.8,36.9,1.4,2.8,50.5,53.3,1.2,1.5,84.0,1.2,3.4,4.6,1.5,0.4,1.0,1.1,2.4,8.3
José Calderón,PG,37,DET,49,12.9,0.9,2.4,37.5,0.3,1.2,24.6,0.6,1.3,49.2,43.3,0.2,0.2,81.8,0.2,1.0,1.2,2.3,0.3,0.1,0.7,1.3,2.3
Kentavious Caldwell-Pope,SG,25,LAL,82,24.8,4.0,9.2,43.0,1.8,5.3,34.7,2.1,3.9,54.2,53.0,1.7,1.9,86.7,0.6,2.3,2.9,1.3,0.9,0.2,0.8,1.7,11.4
Isaiah Canaan,PG,27,TOT,30,21.0,2.1,5.5,39.0,1.1,3.2,35.4,1.0,2.3,44.1,49.4,0.6,0.8,79.2,0.2,1.7,1.9,2.8,0.5,0.1,1.2,1.7,6.0
Clint Capela,C,24,HOU,67,33.6,7.1,10.9,64.8,0.0,0.0,,7.1,10.9,64.8,64.8,2.5,3.9,63.6,4.4,8.2,12.7,1.4,0.7,1.5,1.4,2.5,16.6
DeMarre Carroll,PF,32,BRK,67,25.4,3.4,8.6,39.5,1.6,4.6,34.2,1.8,4.0,45.7,48.7,2.7,3.6,76.0,1.0,4.2,5.2,1.3,0.5,0.1,1.1,1.7,11.1
Jevon Carter,PG,23,MEM,39,14.8,1.4,4.7,30.3,0.9,2.6,33.3,0.6,2.1,26.5,39.5,0.7,0.8,81.3,0.4,1.3,1.7,1.8,0.7,0.3,0.8,1.4,4.4
Vince Carter,PF,42,ATL,76,17.5,2.6,6.2,41.9,1.6,4.2,38.9,1.0,2.0,48.0,55.0,0.6,0.9,71.2,0.4,2.1,2.6,1.1,0.6,0.4,0.6,1.9,7.4
Wendell Carter Jr.,C,19,CHI,44,25.2,4.1,8.4,48.5,0.1,0.7,18.8,4.0,7.7,51.3,49.3,2.0,2.5,79.5,2.0,5.0,7.0,1.8,0.6,1.3,1.5,3.5,10.3
Michael Carter-Williams,PG,27,TOT,28,13.3,1.6,4.4,37.4,0.4,1.4,26.3,1.3,3.0,42.4,41.5,1.1,1.9,60.4,0.7,1.8,2.5,2.5,0.7,0.5,0.7,1.7,4.8
Alex Caruso,PG,24,LAL,25,21.2,3.1,6.9,44.5,1.0,2.0,48.0,2.1,4.9,43.1,51.4,2.0,2.6,79.7,0.8,1.9,2.7,3.1,1.0,0.4,1.7,2.2,9.2
Omri Casspi,SF,30,MEM,36,14.4,2.4,4.5,53.4,0.4,1.2,34.9,2.0,3.3,60.2,58.1,1.1,1.6,67.2,0.5,2.7,3.2,0.7,0.6,0.3,0.6,1.0,6.3
Willie Cauley-Stein,C,25,SAC,81,27.3,5.1,9.1,55.6,0.0,0.0,50.0,5.1,9.1,55.6,55.7,1.7,3.1,55.1,2.2,6.1,8.4,2.4,1.2,0.6,1.0,2.8,11.9
Troy Caupain,PG,23,ORL,4,4.0,1.0,2.0,50.0,0.5,0.8,66.7,0.5,1.3,40.0,62.5,0.0,0.0,,0.3,0.5,0.8,1.0,0.3,0.0,0.0,0.0,2.5
Tyler Cavanaugh,PF,24,UTA,11,3.5,0.3,0.9,30.0,0.1,0.5,20.0,0.2,0.5,40.0,35.0,0.2,0.2,0.0,0.3,0.5,0.7,0.1,0.0,0.0,0.1,0.3,0.8
Tyson Chandler,C,36,TOT,55,15.9,1.1,1.8,61.6,0.0,0.0,0.0,1.1,1.8,62.2,61.6,0.9,1.6,58.6,1.7,3.9,5.6,0.7,0.4,0.4,0.8,2.0,3.1
Wilson Chandler,PF-SF,31,TOT,51,23.1,2.2,5.4,41.8,1.2,3.1,37.3,1.1,2.3,47.8,52.6,0.4,0.5,72.0,0.9,3.3,4.2,1.6,0.5,0.4,0.9,2.4,6.0
Joe Chealey,PG,23,CHO,1,8.0,1.0,3.0,33.3,0.0,0.0,,1.0,3.0,33.3,33.3,0.0,0.0,,0.0,0.0,0.0,1.0,0.0,0.0,0.0,1.0,2.0
Chris Chiozza,PG,23,HOU,7,4.7,0.3,1.1,25.0,0.3,0.7,40.0,0.0,0.4,0.0,37.5,0.0,0.0,,0.1,0.4,0.6,0.6,0.1,0.1,0.1,0.3,0.9
Marquese Chriss,PF,21,TOT,43,11.6,1.6,4.2,37.2,0.4,1.7,22.2,1.2,2.5,47.2,41.7,0.7,1.0,71.1,0.9,2.4,3.3,0.5,0.4,0.3,0.8,1.9,4.2
Gary Clark,PF,24,HOU,51,12.6,1.0,3.0,33.1,0.8,2.7,29.7,0.2,0.3,69.2,46.7,0.1,0.1,0.0,0.5,1.8,2.3,0.4,0.4,0.5,0.1,0.9,2.9
Ian Clark,SG,27,NOP,60,16.2,2.5,6.4,39.4,1.1,3.4,32.7,1.4,3.0,47.0,48.0,0.6,0.6,89.2,0.2,1.3,1.5,1.6,0.4,0.1,1.0,1.6,6.7
Jordan Clarkson,SG,26,CLE,81,27.3,6.5,14.6,44.8,1.8,5.5,32.4,4.8,9.1,52.4,50.9,2.0,2.4,84.4,1.0,2.3,3.3,2.4,0.7,0.2,1.7,1.4,16.8
John Collins,PF,21,ATL,61,30.0,7.6,13.6,56.0,0.9,2.6,34.8,6.7,11.0,60.9,59.3,3.3,4.4,76.3,3.6,6.2,9.8,2.0,0.4,0.6,2.0,3.3,19.5
Zach Collins,C,21,POR,77,17.6,2.5,5.2,47.3,0.5,1.6,33.1,1.9,3.6,53.4,52.3,1.2,1.6,74.6,1.4,2.8,4.2,0.9,0.3,0.9,1.0,2.3,6.6
Darren Collison,PG,31,IND,76,28.2,4.1,8.7,46.7,1.0,2.6,40.7,3.0,6.1,49.2,52.7,2.1,2.5,83.2,0.5,2.6,3.1,6.0,1.4,0.1,1.6,1.8,11.2
Bonzie Colson,SF,23,MIL,8,12.3,1.6,4.9,33.3,0.6,2.6,23.8,1.0,2.3,44.4,39.7,1.0,1.1,88.9,1.0,2.8,3.8,0.4,0.6,0.1,0.4,0.4,4.9
Mike Conley,PG,31,MEM,70,33.5,7.0,16.0,43.8,2.2,6.1,36.4,4.8,9.9,48.3,50.7,4.9,5.8,84.5,0.6,2.8,3.4,6.4,1.3,0.3,1.9,1.8,21.1
Pat Connaughton,SG,26,MIL,61,20.7,2.7,5.7,46.6,1.1,3.3,33.0,1.6,2.5,64.7,56.0,0.5,0.7,72.5,1.0,3.2,4.2,2.0,0.5,0.4,0.5,1.3,6.9
Quinn Cook,PG,25,GSW,74,14.3,2.8,5.9,46.5,1.1,2.7,40.5,1.7,3.2,51.5,55.7,0.3,0.4,76.9,0.3,1.8,2.1,1.6,0.3,0.0,0.7,1.2,6.9
DeMarcus Cousins,C,28,GSW,30,25.7,5.9,12.4,48.0,0.9,3.2,27.4,5.1,9.2,55.1,51.5,3.5,4.8,73.6,1.4,6.8,8.2,3.6,1.3,1.5,2.4,3.6,16.3
Robert Covington,SF,28,TOT,35,34.4,4.5,10.3,43.1,2.4,6.4,37.8,2.0,3.9,51.8,54.8,1.9,2.5,76.4,0.8,4.7,5.5,1.3,2.1,1.3,1.3,3.6,13.3
Allen Crabbe,SG,26,BRK,43,26.3,3.2,8.7,36.7,2.3,6.0,37.8,0.9,2.7,34.2,49.9,1.0,1.3,73.2,0.4,3.1,3.4,1.1,0.5,0.3,1.1,2.4,9.6
Torrey Craig,SF,28,DEN,75,20.0,2.1,4.8,44.2,0.8,2.5,32.4,1.3,2.3,56.9,52.6,0.7,0.9,70.0,1.2,2.3,3.5,1.0,0.5,0.6,0.6,2.3,5.7
Jamal Crawford,SG,38,PHO,64,18.9,2.7,6.8,39.7,1.0,3.2,33.2,1.7,3.7,45.3,47.4,1.5,1.7,84.5,0.1,1.2,1.3,3.6,0.5,0.2,1.5,1.2,7.9
Mitch Creek,SF,26,TOT,5,9.6,1.6,3.2,50.0,0.0,0.4,0.0,1.6,2.8,57.1,50.0,1.0,1.4,71.4,1.2,1.2,2.4,1.2,0.4,0.0,0.2,0.6,4.2
Jae Crowder,SF,28,UTA,80,27.1,4.0,10.0,39.9,2.2,6.5,33.1,1.8,3.4,52.7,50.8,1.8,2.5,72.1,0.8,4.1,4.8,1.7,0.8,0.4,1.1,2.1,11.9
Dante Cunningham,PF,31,SAS,64,14.5,1.2,2.5,47.5,0.5,1.0,46.2,0.7,1.5,48.4,57.0,0.2,0.3,77.8,0.8,2.2,2.9,0.8,0.4,0.2,0.3,1.1,3.0
Seth Curry,SG,28,POR,74,18.9,2.9,6.3,45.6,1.5,3.4,45.0,1.3,2.9,46.3,57.7,0.6,0.7,84.6,0.4,1.3,1.6,0.9,0.5,0.2,0.8,1.3,7.9
Stephen Curry,PG,30,GSW,69,33.8,9.2,19.4,47.2,5.1,11.7,43.7,4.0,7.7,52.5,60.4,3.8,4.2,91.6,0.7,4.7,5.3,5.2,1.3,0.4,2.8,2.4,27.3
Troy Daniels,SG,27,PHO,51,14.9,2.2,5.4,41.1,1.5,3.8,38.1,0.8,1.6,48.1,54.5,0.4,0.5,78.3,0.3,1.2,1.4,0.5,0.5,0.1,0.5,1.5,6.2
Anthony Davis,C,25,NOP,56,33.0,9.5,18.3,51.7,0.9,2.6,33.1,8.6,15.7,54.7,54.0,6.1,7.7,79.4,3.1,8.9,12.0,3.9,1.6,2.4,2.0,2.4,25.9
Deyonta Davis,C,22,ATL,9,13.1,1.7,2.4,68.2,0.0,0.1,0.0,1.7,2.3,71.4,68.2,0.7,1.1,60.0,1.1,2.9,4.0,0.6,0.3,0.6,0.3,1.3,4.0
Ed Davis,C,29,BRK,81,17.9,2.3,3.7,61.6,0.0,0.0,0.0,2.3,3.7,62.0,61.6,1.2,2.0,61.7,2.7,5.9,8.6,0.8,0.4,0.4,0.8,2.8,5.8
Tyler Davis,C,21,OKC,1,1.0,0.0,1.0,0.0,0.0,0.0,,0.0,1.0,0.0,0.0,0.0,0.0,,1.0,0.0,1.0,0.0,0.0,0.0,0.0,0.0,0.0
Dewayne Dedmon,C,29,ATL,64,25.1,4.0,8.2,49.2,1.3,3.4,38.2,2.8,4.8,57.0,57.1,1.4,1.8,81.4,1.6,5.9,7.5,1.4,1.1,1.1,1.3,3.3,10.8
Sam Dekker,PF,24,TOT,47,16.8,2.6,5.4,46.9,0.4,1.3,30.6,2.1,4.1,52.1,50.6,0.6,1.0,60.9,1.1,2.0,3.1,1.0,0.8,0.1,0.5,1.0,6.1
Ángel Delgado,C,24,LAC,2,7.5,0.5,2.5,20.0,0.0,0.0,,0.5,2.5,20.0,20.0,0.5,1.0,50.0,1.0,1.0,2.0,0.0,0.5,0.0,0.0,1.0,1.5
Matthew Dellavedova,PG,28,TOT,48,16.9,2.0,5.0,40.5,0.9,2.7,33.8,1.1,2.3,48.2,49.6,0.9,1.1,80.8,0.1,1.5,1.6,3.8,0.3,0.0,1.4,1.6,5.9
Luol Deng,SF,33,MIN,22,17.8,2.7,5.4,50.0,0.6,2.0,31.8,2.0,3.4,60.8,55.9,1.1,1.6,71.4,0.9,2.4,3.3,0.8,0.7,0.4,0.6,1.1,7.1
DeMar DeRozan,SG,29,SAS,77,34.9,8.2,17.1,48.1,0.1,0.6,15.6,8.1,16.5,49.2,48.3,4.8,5.7,83.0,0.7,5.3,6.0,6.2,1.1,0.5,2.6,2.3,21.2
Marcus Derrickson,PF,22,GSW,11,6.1,1.5,3.0,48.5,0.9,1.8,50.0,0.5,1.2,46.2,63.6,0.4,0.5,80.0,0.7,0.5,1.2,0.1,0.0,0.1,0.3,0.8,4.2
Cheick Diallo,PF,22,NOP,64,14.0,2.6,4.2,62.0,0.0,0.1,25.0,2.6,4.2,62.5,62.2,0.8,1.0,74.6,1.2,4.0,5.2,0.5,0.5,0.5,0.8,1.8,6.0
Hamidou Diallo,SG,20,OKC,51,10.3,1.5,3.2,45.5,0.1,0.5,16.7,1.4,2.8,50.4,46.7,0.7,1.2,61.0,0.7,1.2,1.9,0.3,0.4,0.2,0.5,1.5,3.7
Gorgui Dieng,C,29,MIN,76,13.6,2.5,5.0,50.1,0.3,0.7,33.9,2.2,4.2,53.0,52.7,1.2,1.4,83.0,1.1,3.0,4.1,0.9,0.6,0.5,0.8,1.8,6.4
Spencer Dinwiddie,PG,25,BRK,68,28.1,5.4,12.2,44.2,1.8,5.4,33.5,3.6,6.7,52.8,51.7,4.2,5.2,80.6,0.4,2.1,2.4,4.6,0.6,0.3,2.2,2.8,16.8
Donte DiVincenzo,SG,22,MIL,27,15.2,1.9,4.6,40.3,0.8,3.1,26.5,1.0,1.5,68.3,49.2,0.3,0.4,75.0,0.6,1.8,2.4,1.1,0.5,0.2,0.7,1.4,4.9
Luka Dončić,SG,19,DAL,72,32.2,7.0,16.5,42.7,2.3,7.1,32.7,4.7,9.3,50.3,49.7,4.8,6.7,71.3,1.2,6.6,7.8,6.0,1.1,0.3,3.4,1.9,21.2
Tyler Dorsey,SG,22,TOT,48,14.5,2.2,5.5,40.5,0.9,2.8,33.3,1.3,2.8,47.7,48.9,0.8,1.3,62.3,0.6,1.8,2.4,1.2,0.3,0.0,0.6,1.1,6.2
Damyean Dotson,SG,24,NYK,73,27.5,4.0,9.6,41.5,1.7,4.7,36.8,2.2,4.9,46.1,50.6,1.0,1.3,74.5,0.5,3.1,3.6,1.8,0.8,0.1,1.0,1.8,10.7
PJ Dozier,SG,22,BOS,6,8.5,1.3,3.5,38.1,0.3,1.3,25.0,1.0,2.2,46.2,42.9,0.2,0.3,50.0,1.0,1.8,2.8,0.8,0.3,0.0,0.0,0.3,3.2
Goran Dragić,PG,32,MIA,36,27.5,5.0,12.0,41.3,1.6,4.6,34.8,3.4,7.5,45.4,47.9,2.2,2.8,78.2,0.6,2.5,3.1,4.8,0.8,0.1,2.0,2.3,13.7
Andre Drummond,C,25,DET,79,33.5,7.1,13.3,53.3,0.1,0.5,13.2,7.0,12.8,54.8,53.6,3.1,5.2,59.0,5.4,10.2,15.6,1.4,1.7,1.7,2.2,3.4,17.3
Jared Dudley,PF,33,BRK,59,20.7,1.7,4.1,42.3,0.9,2.6,35.1,0.8,1.5,54.5,53.3,0.5,0.8,69.6,0.6,2.1,2.6,1.4,0.6,0.3,0.7,2.2,4.9
Kris Dunn,PG,24,CHI,46,30.2,4.7,11.0,42.5,0.7,2.1,35.4,3.9,8.9,44.1,45.8,1.2,1.5,79.7,0.4,3.7,4.1,6.0,1.5,0.5,2.3,3.6,11.3
Kevin Durant,SF,30,GSW,78,34.6,9.2,17.7,52.1,1.8,5.0,35.3,7.5,12.8,58.7,57.1,5.7,6.5,88.5,0.4,5.9,6.4,5.9,0.7,1.1,2.9,2.0,26.0
Trevon Duval,PG,20,MIL,3,2.0,0.7,1.0,66.7,0.3,0.3,0.0,0.3,0.7,50.0,83.3,0.0,0.0,,0.0,0.3,0.3,0.7,0.0,0.0,0.0,0.0,1.7
Vince Edwards,SF,22,HOU,2,8.0,0.5,2.0,25.0,0.5,2.0,25.0,0.0,0.0,,37.5,0.0,0.0,,0.5,0.5,1.0,0.0,0.0,0.0,0.0,0.0,1.5
Henry Ellenson,PF,22,TOT,19,13.6,2.1,5.0,41.1,0.9,2.0,44.7,1.2,3.0,38.6,50.0,1.0,1.3,76.0,0.3,3.2,3.5,0.8,0.4,0.1,0.5,1.4,6.0
Wayne Ellington,SG,31,TOT,53,24.5,3.5,8.6,40.3,2.6,7.0,37.1,0.9,1.6,54.1,55.4,0.7,0.9,79.6,0.3,1.8,2.0,1.4,1.0,0.1,0.8,1.7,10.3
Joel Embiid,C,24,PHI,64,33.7,9.1,18.7,48.4,1.2,4.1,30.0,7.8,14.6,53.5,51.7,8.2,10.1,80.4,2.5,11.1,13.6,3.7,0.7,1.9,3.5,3.3,27.5
James Ennis III,SF,28,TOT,58,21.2,2.4,5.1,46.9,0.9,2.7,35.3,1.4,2.4,60.1,56.3,1.0,1.4,71.6,1.0,2.1,3.1,0.7,0.7,0.4,0.6,2.6,6.7
Drew Eubanks,PF,21,SAS,23,4.9,0.7,1.1,57.7,0.0,0.0,,0.7,1.1,57.7,57.7,0.5,0.6,84.6,0.3,1.2,1.5,0.3,0.1,0.2,0.3,0.5,1.8
Jacob Evans,SG,21,GSW,30,6.8,0.6,1.8,34.0,0.1,0.5,26.7,0.5,1.3,36.8,37.7,0.0,0.0,0.0,0.2,0.6,0.8,0.8,0.2,0.1,0.4,0.9,1.3
Jawun Evans,PG,22,TOT,8,8.1,0.4,1.8,21.4,0.0,0.4,0.0,0.4,1.4,27.3,21.4,0.0,0.0,,0.1,1.4,1.5,1.3,0.4,0.0,0.8,1.0,0.8
Tyreke Evans,SG,29,IND,69,20.3,3.7,9.6,38.9,1.1,3.1,35.6,2.6,6.4,40.5,44.8,1.7,2.3,71.9,0.5,2.4,2.9,2.4,0.8,0.3,1.7,1.7,10.2
Dante Exum,PG,23,UTA,42,15.8,2.4,5.7,41.9,0.4,1.5,29.0,2.0,4.3,46.4,45.6,1.6,2.0,79.1,0.4,1.2,1.6,2.6,0.3,0.1,1.2,1.6,6.9
Kenneth Faried,C,29,TOT,37,19.7,4.2,7.2,58.9,0.2,0.7,32.0,4.0,6.5,61.7,60.4,1.7,2.7,64.6,2.6,4.1,6.8,0.5,0.5,0.6,0.9,2.2,10.4
Derrick Favors,C,27,UTA,76,23.2,4.8,8.1,58.6,0.2,1.0,21.8,4.6,7.1,64.0,60.0,2.0,3.0,67.5,2.7,4.6,7.4,1.2,0.7,1.4,1.1,2.1,11.8
Cristiano Felício,C,26,CHI,60,12.4,1.6,3.0,53.1,0.0,0.1,0.0,1.6,2.9,54.3,53.1,0.8,1.2,68.5,1.3,2.3,3.6,0.6,0.2,0.1,0.6,1.2,4.0
Raymond Felton,PG,34,OKC,33,11.5,1.7,4.1,40.7,0.6,1.8,32.8,1.1,2.2,47.3,48.1,0.4,0.4,92.3,0.1,0.9,1.0,1.6,0.3,0.2,0.4,0.9,4.3
Terrance Ferguson,SG,20,OKC,74,26.1,2.5,5.8,42.9,1.4,3.9,36.6,1.1,1.9,56.0,55.2,0.5,0.7,72.5,0.4,1.5,1.9,1.0,0.5,0.2,0.6,3.1,6.9
Yogi Ferrell,PG,25,SAC,71,15.0,2.2,5.0,43.5,0.8,2.1,36.2,1.4,2.9,48.8,51.1,0.8,0.9,89.6,0.2,1.4,1.5,1.9,0.5,0.1,0.6,0.9,5.9
Dorian Finney-Smith,SF,25,DAL,81,24.5,2.8,6.5,43.2,1.0,3.1,31.1,1.8,3.4,54.4,50.7,0.9,1.3,70.9,1.7,3.1,4.8,1.2,0.9,0.4,0.9,2.3,7.5
Bryn Forbes,SG,25,SAS,82,28.0,4.4,9.6,45.6,2.1,5.0,42.6,2.3,4.6,48.9,56.8,0.8,1.0,88.5,0.2,2.7,2.9,2.1,0.5,0.0,1.0,1.9,11.8
Evan Fournier,SG,26,ORL,81,31.5,5.8,13.2,43.8,1.9,5.6,34.0,3.9,7.6,50.9,50.9,1.7,2.1,80.6,0.5,2.7,3.2,3.6,0.9,0.1,1.9,2.8,15.1
De'Aaron Fox,PG,21,SAC,81,31.4,6.2,13.6,45.8,1.1,2.9,37.1,5.2,10.7,48.2,49.7,3.7,5.1,72.7,0.5,3.2,3.8,7.3,1.6,0.6,2.8,2.5,17.3
Melvin Frazier,SG,22,ORL,10,4.4,0.7,2.1,33.3,0.0,0.6,0.0,0.7,1.5,46.7,33.3,0.1,0.4,25.0,0.3,0.2,0.5,0.1,0.1,0.0,0.1,0.6,1.5
Tim Frazier,PG,28,TOT,59,19.0,2.0,4.4,44.4,0.6,1.7,36.6,1.3,2.7,49.4,51.5,0.7,0.9,75.9,0.7,2.2,2.8,4.2,0.5,0.1,1.3,1.9,5.3
Jimmer Fredette,SG,29,PHO,6,10.8,1.3,4.8,27.6,0.0,2.2,0.0,1.3,2.7,50.0,27.6,1.0,1.0,0.0,0.2,1.0,1.2,1.3,0.5,0.0,0.8,0.8,3.7
Enes Freedom,C,26,TOT,67,24.5,5.6,10.2,54.9,0.1,0.5,29.4,5.4,9.7,56.2,55.6,2.3,2.9,78.7,3.8,6.0,9.8,1.7,0.5,0.4,1.8,2.5,13.7
Channing Frye,C,35,CLE,36,9.5,1.2,3.3,36.8,0.9,2.2,40.5,0.3,1.1,28.9,50.4,0.3,0.4,78.6,0.1,1.3,1.4,0.6,0.2,0.1,0.4,1.2,3.6
Markelle Fultz,SG,20,PHI,19,22.5,3.4,8.2,41.9,0.2,0.7,28.6,3.2,7.4,43.3,43.2,1.1,1.9,56.8,1.4,2.3,3.7,3.1,0.9,0.3,1.3,2.7,8.2
Danilo Gallinari,SF,30,LAC,68,30.3,6.0,13.0,46.3,2.4,5.5,43.3,3.6,7.5,48.4,55.4,5.4,6.0,90.4,0.8,5.3,6.1,2.6,0.7,0.3,1.5,1.9,19.8
Langston Galloway,SG,27,DET,80,21.8,2.9,7.3,38.8,1.7,4.8,35.5,1.2,2.6,44.9,50.3,1.0,1.2,84.4,0.6,1.5,2.1,1.1,0.5,0.1,0.3,1.7,8.4
Billy Garrett,SG,24,NYK,4,15.8,2.8,6.8,40.7,0.0,2.0,0.0,2.8,4.8,57.9,40.7,1.0,1.0,0.0,0.0,0.8,0.8,1.8,0.3,0.3,0.5,0.8,6.5
Marc Gasol,C,34,TOT,79,30.8,4.9,11.0,44.8,1.3,3.5,36.3,3.7,7.6,48.7,50.5,2.4,3.2,75.9,1.0,6.9,7.9,4.4,1.1,1.1,2.0,2.7,13.6
Pau Gasol,C,38,TOT,30,12.0,1.4,3.1,44.7,0.2,0.4,46.2,1.2,2.7,44.4,47.9,0.9,1.3,70.0,0.7,3.8,4.6,1.7,0.2,0.5,0.5,1.0,3.9
Rudy Gay,PF,32,SAS,69,26.7,5.4,10.8,50.4,1.1,2.7,40.2,4.4,8.1,53.7,55.4,1.7,2.1,81.6,0.9,5.9,6.8,2.6,0.8,0.5,1.7,2.3,13.7
Paul George,SF,28,OKC,77,36.9,9.2,21.0,43.8,3.8,9.8,38.6,5.4,11.1,48.4,52.9,5.9,7.0,83.9,1.4,6.8,8.2,4.1,2.2,0.4,2.7,2.8,28.0
Taj Gibson,PF,33,MIN,70,24.1,4.3,7.7,56.6,0.2,0.5,32.4,4.2,7.2,58.3,57.6,1.9,2.5,75.7,2.5,4.1,6.5,1.2,0.8,0.6,1.0,2.7,10.8
Harry Giles,PF,20,SAC,58,14.1,3.0,6.0,50.3,0.0,0.1,0.0,3.0,5.9,51.2,50.3,1.0,1.6,63.7,1.1,2.7,3.8,1.5,0.5,0.4,1.3,2.6,7.0
Shai Gilgeous-Alexander,PG,20,LAC,82,26.5,4.2,8.7,47.6,0.6,1.7,36.7,3.5,7.0,50.3,51.2,1.9,2.4,80.0,0.7,2.1,2.8,3.3,1.2,0.5,1.7,2.1,10.8
Rudy Gobert,C,26,UTA,81,31.8,5.9,8.8,66.9,0.0,0.0,,5.9,8.8,66.9,66.9,4.1,6.4,63.6,3.8,9.0,12.9,2.0,0.8,2.3,1.6,2.9,15.9
Brandon Goodwin,PG,23,DEN,16,3.6,0.4,1.4,26.1,0.1,0.4,33.3,0.3,1.1,23.5,30.4,0.6,0.7,81.8,0.1,0.1,0.2,0.9,0.0,0.0,0.2,0.4,1.4
Aaron Gordon,PF,23,ORL,78,33.8,6.0,13.4,44.9,1.6,4.4,34.9,4.5,9.0,49.9,50.7,2.4,3.2,73.1,1.7,5.7,7.4,3.7,0.7,0.7,2.1,2.2,16.0
Eric Gordon,SG,30,HOU,68,31.7,5.6,13.8,40.9,3.2,8.8,36.0,2.5,5.0,49.7,52.5,1.8,2.2,78.3,0.3,1.9,2.2,1.9,0.6,0.4,1.3,2.1,16.2
Marcin Gortat,C,34,LAC,47,16.0,2.1,4.0,53.2,0.0,0.0,,2.1,4.0,53.2,53.2,0.7,1.0,72.9,1.4,4.1,5.6,1.4,0.1,0.5,1.1,2.0,5.0
Devonte' Graham,PG,23,CHO,46,14.7,1.6,4.7,34.3,0.7,2.6,28.1,0.9,2.1,42.1,42.1,0.8,1.0,76.1,0.2,1.2,1.4,2.6,0.5,0.0,0.7,1.0,4.7
Treveon Graham,SG,25,BRK,35,20.4,1.8,5.5,33.5,1.1,3.7,29.7,0.7,1.8,41.3,43.5,0.5,0.6,81.8,0.7,2.4,3.1,1.0,0.4,0.2,0.5,1.9,5.3
Jerami Grant,PF,24,OKC,80,32.7,5.1,10.3,49.7,1.4,3.7,39.2,3.7,6.6,55.5,56.7,2.0,2.8,71.0,1.2,4.0,5.2,1.0,0.8,1.3,0.8,2.7,13.6
Jerian Grant,PG,26,ORL,60,15.7,1.5,3.7,41.8,0.7,1.8,36.4,0.9,1.8,47.3,50.9,0.4,0.7,65.0,0.3,1.3,1.6,2.6,0.7,0.1,0.9,1.3,4.2
Donte Grantham,SF,23,OKC,3,0.7,0.0,0.7,0.0,0.0,0.7,0.0,0.0,0.0,,0.0,0.0,0.0,,0.0,0.0,0.0,0.0,0.0,0.0,0.0,0.0,0.0
Danny Green,SG,31,TOR,80,27.7,3.7,7.9,46.5,2.5,5.4,45.5,1.2,2.4,48.7,62.2,0.5,0.6,84.1,0.8,3.2,4.0,1.6,0.9,0.7,0.9,2.1,10.3
Draymond Green,PF,28,GSW,66,31.3,2.8,6.4,44.5,0.7,2.5,28.5,2.1,3.9,54.9,50.1,1.0,1.4,69.2,0.9,6.4,7.3,6.9,1.4,1.1,2.6,3.0,7.4
Gerald Green,SG,33,HOU,73,20.2,3.2,7.9,40.0,2.1,6.0,35.4,1.0,1.9,54.7,53.5,0.8,0.9,83.8,0.4,2.1,2.5,0.5,0.5,0.4,0.8,1.7,9.2
JaMychal Green,PF,28,TOT,65,21.1,3.5,7.3,48.3,1.1,2.7,40.3,2.4,4.6,53.0,55.8,1.2,1.6,79.2,1.6,4.7,6.3,0.8,0.7,0.5,1.3,3.0,9.4
Jeff Green,PF,32,WAS,77,27.2,4.2,8.9,47.5,1.4,4.2,34.7,2.8,4.8,58.6,55.5,2.4,2.7,88.8,0.7,3.3,4.0,1.8,0.6,0.5,1.3,2.1,12.3
Blake Griffin,PF,29,DET,75,35.0,8.3,17.9,46.2,2.5,7.0,36.2,5.7,10.9,52.5,53.2,5.5,7.3,75.3,1.3,6.2,7.5,5.4,0.7,0.4,3.4,2.7,24.5
Daniel Hamilton,SG,23,ATL,19,10.7,1.2,3.2,38.3,0.4,1.2,34.8,0.8,1.9,40.5,45.0,0.2,0.3,50.0,0.5,1.9,2.5,1.2,0.3,0.1,0.8,1.0,3.0
Dusty Hannahs,SG,25,MEM,2,13.0,1.5,6.0,25.0,0.0,2.5,0.0,1.5,3.5,42.9,25.0,1.0,1.0,0.0,0.0,0.5,0.5,2.5,0.5,0.0,0.5,0.5,4.0
Tim Hardaway Jr.,SG,26,TOT,65,31.6,6.0,15.3,39.3,2.5,7.3,34.0,3.5,7.9,44.2,47.4,3.6,4.2,84.1,0.5,2.9,3.4,2.4,0.8,0.1,1.6,2.2,18.1
James Harden,PG,29,HOU,78,36.8,10.8,24.5,44.2,4.8,13.2,36.8,6.0,11.3,52.8,54.1,9.7,11.0,87.9,0.8,5.8,6.6,7.5,2.0,0.7,5.0,3.1,36.1
Maurice Harkless,SF,25,POR,60,23.6,3.2,6.5,48.7,0.6,2.0,27.5,2.6,4.5,58.2,53.0,0.8,1.2,67.1,1.3,3.2,4.5,1.2,1.1,0.9,0.8,2.7,7.7
Montrezl Harrell,C,25,LAC,82,26.3,6.7,10.8,61.5,0.0,0.2,17.6,6.6,10.6,62.3,61.7,3.2,5.0,64.3,2.2,4.3,6.5,2.0,0.9,1.3,1.6,3.1,16.6
Devin Harris,PG,35,DAL,68,15.8,1.9,5.1,38.0,0.9,2.9,31.0,1.0,2.2,47.6,47.0,1.5,2.0,76.1,0.2,1.5,1.6,1.8,0.5,0.2,0.8,2.0,6.3
Gary Harris,SG,24,DEN,57,28.8,4.7,11.2,42.4,1.4,4.2,33.9,3.3,6.9,47.6,48.8,2.0,2.5,79.9,0.7,2.1,2.8,2.2,1.0,0.3,1.2,2.0,12.9
Joe Harris,SG,27,BRK,76,30.2,4.9,9.8,50.0,2.4,5.1,47.4,2.5,4.8,52.8,62.2,1.4,1.8,82.7,0.7,3.1,3.8,2.4,0.5,0.2,1.6,2.4,13.7
Tobias Harris,PF,26,TOT,82,34.7,7.5,15.3,48.7,1.9,4.8,39.7,5.5,10.5,52.8,54.9,3.2,3.7,86.6,0.8,7.0,7.9,2.8,0.6,0.5,1.8,2.2,20.0
Andrew Harrison,PG,24,TOT,17,11.0,0.9,3.1,30.2,0.3,1.5,20.0,0.6,1.6,39.3,34.9,1.0,1.1,94.4,0.4,0.8,1.2,1.4,0.2,0.1,0.7,2.0,3.2
Shaquille Harrison,SG,25,CHI,73,19.6,2.5,5.8,43.2,0.3,1.2,27.0,2.2,4.6,47.5,46.0,1.1,1.7,66.7,0.5,2.6,3.0,1.9,1.2,0.4,0.8,1.7,6.5
Josh Hart,SG,23,LAL,67,25.6,2.8,6.9,40.7,1.4,4.1,33.6,1.4,2.8,51.1,50.6,0.8,1.2,68.8,0.5,3.2,3.7,1.4,1.0,0.6,0.9,2.2,7.8
Isaiah Hartenstein,PF,20,HOU,28,7.9,0.7,1.5,48.8,0.1,0.2,33.3,0.6,1.3,51.4,51.2,0.4,0.5,78.6,0.8,0.9,1.7,0.5,0.3,0.4,0.5,2.0,1.9
Udonis Haslem,C,38,MIA,10,7.4,1.1,3.3,33.3,0.0,1.2,0.0,1.1,2.1,52.4,33.3,0.3,0.4,75.0,0.3,2.4,2.7,0.2,0.0,0.0,0.3,0.9,2.5
Gordon Hayward,PF,28,BOS,72,25.9,4.1,8.8,46.6,1.1,3.2,33.3,3.0,5.6,54.2,52.7,2.2,2.6,83.4,0.7,3.8,4.5,3.4,0.9,0.3,1.5,1.4,11.5
John Henson,C,28,MIL,14,13.4,2.2,4.8,46.3,0.8,2.2,35.5,1.4,2.6,55.6,54.5,0.4,0.7,60.0,1.1,3.9,5.1,1.0,0.5,0.8,0.9,1.1,5.6
Juancho Hernangómez,PF,23,DEN,70,19.4,2.0,4.5,43.9,0.9,2.6,36.5,1.0,1.9,54.1,54.5,0.9,1.2,76.7,0.9,2.9,3.8,0.8,0.4,0.3,0.5,1.3,5.8
Willy Hernangómez,C,24,CHO,58,14.0,2.6,5.1,51.9,0.3,0.7,38.5,2.4,4.4,53.9,54.4,1.7,2.5,69.4,2.0,3.3,5.4,1.0,0.3,0.3,1.0,1.7,7.3
Mario Hezonja,SF,23,NYK,58,20.8,3.3,8.0,41.2,0.7,2.6,27.6,2.6,5.4,47.8,45.7,1.5,2.0,76.3,0.5,3.6,4.1,1.5,1.0,0.1,1.5,1.9,8.8
Isaiah Hicks,PF,24,NYK,3,10.7,1.3,2.7,50.0,0.0,0.0,,1.3,2.7,50.0,50.0,1.3,1.7,80.0,0.7,1.7,2.3,0.7,0.3,1.0,0.3,1.7,4.0
Buddy Hield,SG,26,SAC,82,31.9,7.6,16.6,45.8,3.4,7.9,42.7,4.2,8.6,48.7,56.0,2.1,2.4,88.6,1.3,3.7,5.0,2.5,0.7,0.4,1.8,2.5,20.7
Haywood Highsmith,SF,22,PHI,5,8.0,0.8,2.0,40.0,0.2,1.0,20.0,0.6,1.0,60.0,45.0,0.0,0.4,0.0,0.0,1.0,1.0,0.4,0.2,0.0,0.2,0.2,1.8
Nenê,C,36,HOU,42,13.0,1.4,2.8,51.7,0.0,0.1,0.0,1.4,2.7,53.1,51.7,0.7,1.1,66.0,0.8,2.1,2.9,0.6,0.4,0.4,0.3,2.1,3.6
George Hill,PG,32,TOT,60,21.7,2.8,6.3,45.2,0.8,2.6,31.4,2.0,3.7,54.7,51.6,1.2,1.4,82.4,0.7,1.8,2.5,2.3,0.9,0.1,0.9,1.7,7.6
Solomon Hill,SF,27,NOP,44,20.0,1.5,4.0,38.2,0.7,2.3,31.7,0.8,1.8,46.8,47.2,0.5,0.7,71.9,0.8,2.3,3.0,1.3,0.5,0.2,0.7,1.8,4.3
Aaron Holiday,PG,22,IND,50,12.9,2.1,5.2,40.1,0.9,2.5,33.9,1.2,2.7,45.9,48.3,0.8,1.0,82.0,0.1,1.2,1.3,1.7,0.4,0.3,0.8,1.4,5.9
Jrue Holiday,SG,28,NOP,67,35.9,8.2,17.3,47.2,1.8,5.4,32.5,6.4,11.9,53.9,52.3,3.1,4.0,76.8,1.1,3.9,5.0,7.7,1.6,0.8,3.1,2.2,21.2
Justin Holiday,SG,29,TOT,82,31.8,3.7,9.5,38.6,2.0,5.7,34.8,1.7,3.8,44.2,49.0,1.2,1.3,89.6,0.6,3.4,3.9,1.8,1.5,0.4,1.3,2.0,10.5
John Holland,SF,30,CLE,1,1.0,0.0,0.0,,0.0,0.0,,0.0,0.0,,,0.0,0.0,,0.0,0.0,0.0,0.0,0.0,0.0,0.0,0.0,0.0
Rondae Hollis-Jefferson,SF,24,BRK,59,20.9,3.4,8.3,41.1,0.2,0.8,18.4,3.2,7.4,43.6,42.0,2.0,3.1,64.5,1.4,3.8,5.3,1.6,0.7,0.5,1.2,1.8,8.9
Richaun Holmes,C,25,PHO,70,16.9,3.2,5.2,60.8,0.0,0.0,,3.2,5.2,60.8,60.8,1.8,2.5,73.1,1.6,3.1,4.7,0.9,0.6,1.1,0.7,2.8,8.2
Rodney Hood,SG,26,TOT,72,26.3,4.1,9.3,43.5,1.2,3.3,35.6,2.9,6.0,47.8,49.8,1.9,2.2,88.4,0.3,1.8,2.2,1.8,0.8,0.2,0.8,2.0,11.2
Al Horford,C,32,BOS,68,29.0,5.7,10.6,53.5,1.1,3.0,36.0,4.6,7.6,60.4,58.6,1.1,1.4,82.1,1.8,5.0,6.7,4.2,0.9,1.3,1.5,1.9,13.6
Danuel House Jr.,SF,25,HOU,39,25.1,3.0,6.5,46.8,1.9,4.6,41.6,1.1,1.9,59.5,61.5,1.4,1.8,78.9,0.6,2.9,3.6,1.0,0.5,0.3,0.9,2.1,9.4
Dwight Howard,C,33,WAS,9,25.6,4.8,7.7,62.3,0.0,0.0,,4.8,7.7,62.3,62.3,3.2,5.3,60.4,2.7,6.6,9.2,0.4,0.8,0.4,1.8,3.8,12.8
Kevin Huerter,SG,20,ATL,75,27.3,3.7,8.8,41.9,1.8,4.7,38.5,1.9,4.1,45.7,52.2,0.5,0.7,73.2,0.8,2.5,3.3,2.9,0.9,0.3,1.5,2.1,9.7
Isaac Humphries,C,21,ATL,5,11.2,1.2,4.2,28.6,0.6,2.2,27.3,0.6,2.0,30.0,35.7,0.0,0.0,,0.8,1.4,2.2,0.0,0.2,0.0,0.0,1.4,3.0
R.J. Hunter,SG,25,BOS,1,26.0,6.0,13.0,46.2,4.0,10.0,40.0,2.0,3.0,66.7,61.5,1.0,2.0,50.0,1.0,2.0,3.0,3.0,1.0,0.0,0.0,3.0,17.0
Chandler Hutchison,SF,22,CHI,44,20.3,2.2,4.8,45.9,0.3,1.1,28.0,1.9,3.6,51.6,49.3,0.5,0.9,60.5,0.7,3.5,4.2,0.8,0.5,0.1,0.6,1.3,5.2
Serge Ibaka,C,29,TOR,74,27.2,6.3,11.9,52.9,0.7,2.3,29.0,5.6,9.6,58.6,55.7,1.8,2.4,76.3,2.1,6.0,8.1,1.3,0.4,1.4,1.5,2.9,15.0
Andre Iguodala,SF,35,GSW,68,23.2,2.2,4.4,50.0,0.7,2.1,33.3,1.5,2.3,65.2,57.9,0.6,1.0,58.2,0.7,3.0,3.7,3.2,0.9,0.8,0.8,1.4,5.7
Ersan İlyasova,PF,31,MIL,67,18.4,2.5,5.7,43.8,0.9,2.4,36.3,1.6,3.3,49.3,51.4,0.9,1.1,82.4,1.4,3.1,4.5,0.8,0.5,0.3,0.7,2.6,6.8
Joe Ingles,PF,31,UTA,82,31.3,4.4,9.8,44.8,2.3,5.9,39.1,2.1,3.9,53.3,56.5,1.1,1.5,70.7,0.4,3.6,4.0,5.7,1.2,0.2,2.4,2.2,12.1
Andre Ingram,SG,33,LAL,4,3.8,0.0,1.5,0.0,0.0,0.8,0.0,0.0,0.8,0.0,0.0,0.0,0.0,,0.3,0.3,0.5,0.0,0.3,0.0,0.3,0.0,0.0
Brandon Ingram,SF,21,LAL,52,33.8,7.0,14.0,49.7,0.6,1.8,33.0,6.4,12.2,52.1,51.8,3.8,5.6,67.5,0.8,4.3,5.1,3.0,0.5,0.6,2.5,2.9,18.3
Kyrie Irving,PG,26,BOS,67,33.0,9.0,18.5,48.7,2.6,6.5,40.1,6.4,12.0,53.3,55.7,3.2,3.7,87.3,1.1,3.9,5.0,6.9,1.5,0.5,2.6,2.5,23.8
Jonathan Isaac,PF,21,ORL,75,26.6,3.5,8.1,42.9,1.1,3.5,32.3,2.3,4.6,51.0,49.9,1.5,1.8,81.5,1.3,4.2,5.5,1.1,0.8,1.3,1.0,1.9,9.6
Wes Iwundu,SF,24,ORL,68,18.1,1.7,4.0,41.2,0.4,1.2,36.7,1.2,2.9,43.1,46.5,1.2,1.5,81.6,0.5,2.2,2.7,1.1,0.4,0.3,0.6,1.8,5.0
Demetrius Jackson,PG,24,PHI,6,6.5,1.3,2.5,53.3,0.3,1.0,33.3,1.0,1.5,66.7,60.0,0.7,0.7,0.0,0.3,0.2,0.5,0.8,0.3,0.0,0.2,0.7,3.7
Frank Jackson,PG,20,NOP,61,19.2,3.2,7.3,43.4,0.9,2.8,31.4,2.3,4.6,50.7,49.3,0.9,1.2,74.0,0.4,1.8,2.2,1.1,0.4,0.0,0.8,1.5,8.1
Jaren Jackson Jr.,PF,19,MEM,58,26.1,5.1,10.2,50.6,0.9,2.4,35.9,4.3,7.7,55.3,54.9,2.6,3.4,76.6,1.3,3.4,4.7,1.1,0.9,1.4,1.7,3.8,13.8
Josh Jackson,SG,21,PHO,79,25.2,4.4,10.6,41.3,0.9,2.8,32.4,3.5,7.8,44.5,45.6,1.8,2.7,67.1,0.8,3.6,4.4,2.3,0.9,0.7,2.2,2.6,11.5
Justin Jackson,SF,23,TOT,81,19.9,2.7,6.0,44.7,1.1,3.0,35.5,1.6,3.0,54.2,53.7,0.8,1.0,78.5,0.5,2.1,2.6,1.2,0.4,0.2,0.4,1.2,7.2
Reggie Jackson,PG,28,DET,82,27.9,5.4,12.8,42.1,2.1,5.7,36.9,3.3,7.0,46.4,50.4,2.5,2.9,86.4,0.5,2.1,2.6,4.2,0.7,0.1,1.8,2.5,15.4
LeBron James,SF,34,LAL,55,35.2,10.1,19.9,51.0,2.0,5.9,33.9,8.1,14.0,58.2,56.0,5.1,7.6,66.5,1.0,7.4,8.5,8.3,1.3,0.6,3.6,1.7,27.4
Amile Jefferson,PF,25,ORL,12,5.7,0.8,1.3,62.5,0.0,0.0,,0.8,1.3,62.5,62.5,0.6,0.7,87.5,0.5,1.3,1.8,0.3,0.3,0.3,0.1,0.7,2.3
John Jenkins,SG,27,TOT,26,12.8,1.6,4.0,40.0,0.8,2.2,37.9,0.8,1.8,42.6,50.5,0.6,0.7,83.3,0.2,1.2,1.4,0.8,0.0,0.1,0.3,0.4,4.7
Jonas Jerebko,PF,31,GSW,73,16.7,2.2,4.9,45.9,0.9,2.6,36.7,1.3,2.3,56.3,55.6,0.9,1.1,80.0,1.0,3.0,3.9,1.3,0.4,0.2,0.6,1.9,6.3
Alize Johnson,PF,22,IND,14,4.6,0.3,1.1,25.0,0.1,0.1,50.0,0.2,1.0,21.4,28.1,0.3,0.6,50.0,0.3,1.1,1.4,0.1,0.1,0.2,0.0,0.5,0.9
Amir Johnson,C,31,PHI,51,10.4,1.5,3.1,50.3,0.2,0.8,30.0,1.3,2.3,57.3,54.1,0.6,0.8,75.6,0.9,2.0,2.9,1.2,0.3,0.3,0.9,1.9,3.9
B.J. Johnson,SF,23,TOT,7,7.0,1.3,2.6,50.0,0.4,1.0,42.9,0.9,1.6,54.5,58.3,0.3,0.3,0.0,0.3,0.9,1.1,0.0,0.3,0.0,0.3,0.6,3.3
James Johnson,PF,31,MIA,55,21.2,3.0,6.9,43.3,0.9,2.7,33.6,2.1,4.2,49.6,49.9,0.9,1.3,71.4,0.4,2.8,3.2,2.5,0.6,0.5,1.3,2.1,7.8
Stanley Johnson,SF,22,TOT,66,18.3,2.6,6.7,38.9,0.9,3.3,28.8,1.7,3.4,48.4,45.9,0.8,1.0,78.1,0.5,2.8,3.3,1.3,0.9,0.2,1.2,1.7,6.9
Tyler Johnson,PG,26,TOT,57,26.8,3.8,9.2,41.3,1.6,4.6,34.6,2.2,4.7,47.7,49.8,1.7,2.2,74.8,0.6,2.4,3.0,2.9,0.9,0.5,1.4,1.7,10.9
Wesley Johnson,SF,31,TOT,38,14.1,1.2,3.4,35.2,0.7,2.0,32.9,0.5,1.4,38.5,44.9,0.3,0.5,68.4,0.3,1.6,1.9,0.6,0.4,0.3,0.5,1.7,3.4
Nikola Jokić,C,23,DEN,80,31.3,7.7,15.1,51.1,1.0,3.4,30.7,6.7,11.7,56.9,54.5,3.6,4.4,82.1,2.9,8.0,10.8,7.3,1.4,0.7,3.1,2.9,20.1
Damian Jones,C,23,GSW,24,17.1,2.2,3.1,71.6,0.0,0.0,,2.2,3.1,71.6,71.6,1.0,1.5,64.9,1.3,1.8,3.1,1.2,0.5,1.0,0.7,2.6,5.4
Derrick Jones Jr.,SF,21,MIA,60,19.2,2.7,5.4,49.4,0.5,1.5,30.8,2.2,3.9,56.7,53.7,1.2,2.0,60.7,1.6,2.4,4.0,0.6,0.8,0.7,0.7,2.1,7.0
Jalen Jones,SF,25,CLE,16,13.4,1.6,3.9,41.9,0.6,1.8,35.7,1.0,2.1,47.1,50.0,1.2,1.7,70.4,0.7,1.4,2.1,0.4,0.6,0.1,0.5,1.7,5.1
Jemerrio Jones,SF,23,LAL,6,23.8,2.0,5.5,36.4,0.3,1.7,20.0,1.7,3.8,43.5,39.4,0.2,0.3,50.0,2.7,5.5,8.2,2.2,1.2,0.8,0.8,1.7,4.5
Terrence Jones,PF,27,HOU,2,2.5,0.5,2.0,25.0,0.0,1.0,0.0,0.5,1.0,50.0,25.0,0.0,0.5,0.0,0.0,2.0,2.0,0.0,0.0,0.0,0.5,0.5,1.0
Tyus Jones,PG,22,MIN,68,22.9,2.7,6.6,41.5,0.6,1.9,31.7,2.1,4.7,45.3,46.0,0.9,1.0,84.1,0.3,1.6,2.0,4.8,1.2,0.1,0.7,1.1,6.9
DeAndre Jordan,C,30,TOT,69,29.7,4.1,6.5,64.1,0.0,0.0,,4.1,6.5,64.1,64.1,2.7,3.8,70.5,3.3,9.8,13.1,2.3,0.6,1.1,2.2,2.4,11.0
Cory Joseph,PG,27,IND,82,25.2,2.8,6.7,41.2,0.7,2.1,32.2,2.1,4.6,45.4,46.3,0.4,0.5,69.8,0.5,2.9,3.4,3.9,1.1,0.3,1.0,1.6,6.5
Frank Kaminsky,C,25,CHO,47,16.1,2.9,6.3,46.3,1.1,3.0,36.0,1.9,3.4,55.3,54.7,1.7,2.3,73.8,0.8,2.6,3.5,1.3,0.3,0.3,0.9,1.4,8.6
Luke Kennard,SG,22,DET,63,22.8,3.6,8.3,43.8,1.7,4.3,39.4,1.9,4.0,48.6,54.0,0.8,1.0,83.6,0.2,2.7,2.9,1.8,0.4,0.2,0.9,1.5,9.7
Michael Kidd-Gilchrist,PF,25,CHO,64,18.4,2.5,5.2,47.6,0.3,0.7,34.0,2.2,4.5,49.8,50.0,1.5,1.9,77.2,1.4,2.5,3.8,1.0,0.5,0.6,0.7,2.4,6.7
George King,SF,25,PHO,1,6.0,0.0,0.0,,0.0,0.0,,0.0,0.0,,,0.0,0.0,,0.0,1.0,1.0,0.0,0.0,0.0,0.0,0.0,0.0
Maxi Kleber,PF,27,DAL,71,21.2,2.5,5.4,45.3,1.1,3.1,35.3,1.4,2.4,58.3,55.3,0.8,1.0,78.4,1.3,3.4,4.6,1.0,0.5,1.1,0.8,2.0,6.8
Brandon Knight,PG,27,TOT,39,18.9,2.5,6.7,38.1,1.1,3.3,31.8,1.5,3.4,44.3,46.0,0.7,0.9,79.4,0.3,1.3,1.5,1.8,0.5,0.1,0.8,1.6,6.8
Kevin Knox,PF,19,NYK,75,28.8,4.5,12.2,37.0,1.7,4.9,34.3,2.8,7.3,38.7,43.8,2.2,3.0,71.7,0.8,3.7,4.5,1.1,0.6,0.3,1.5,2.3,12.8
Furkan Korkmaz,SG,21,PHI,48,14.1,2.0,5.1,40.0,1.0,3.0,32.6,1.1,2.1,50.5,49.6,0.8,0.9,81.8,0.3,1.9,2.2,1.1,0.6,0.0,0.5,1.3,5.8
Luke Kornet,PF,23,NYK,46,17.0,2.3,6.2,37.8,1.5,4.2,36.3,0.8,2.0,41.1,50.2,0.8,1.0,82.6,0.6,2.3,2.9,1.2,0.6,0.9,0.5,0.9,7.0
Kyle Korver,SG-PF,37,TOT,70,19.1,2.9,6.9,41.6,2.0,5.0,39.7,0.9,1.9,46.7,55.9,0.9,1.0,82.2,0.1,2.2,2.3,1.2,0.4,0.2,0.8,1.5,8.6
Kosta Koufos,C,29,SAC,42,12.0,1.7,3.6,47.7,0.0,0.0,,1.7,3.6,47.7,47.7,0.2,0.6,41.7,1.2,3.0,4.2,0.9,0.4,0.4,0.6,1.6,3.7
Rodions Kurucs,SF,20,BRK,63,20.5,3.2,7.1,45.0,0.9,2.9,31.5,2.3,4.2,54.3,51.4,1.1,1.5,78.3,0.9,3.0,3.9,0.8,0.7,0.4,1.2,2.3,8.5
Kyle Kuzma,PF,23,LAL,70,33.1,7.1,15.5,45.6,1.8,6.0,30.3,5.3,9.5,55.3,51.5,2.7,3.6,75.2,0.9,4.6,5.5,2.5,0.6,0.4,1.9,2.4,18.7
Skal Labissière,PF,22,TOT,22,8.0,1.2,2.2,53.1,0.3,0.6,46.2,0.9,1.6,55.6,59.2,0.4,0.8,52.9,0.4,1.5,2.0,0.5,0.2,0.3,0.5,1.3,3.0
Jeremy Lamb,SG,26,CHO,79,28.5,5.5,12.4,44.0,1.5,4.2,34.8,4.0,8.2,48.7,49.9,2.9,3.3,88.8,0.8,4.7,5.5,2.2,1.1,0.4,1.0,1.8,15.3
Zach LaVine,SG,23,CHI,63,34.5,8.4,18.0,46.7,1.9,5.1,37.4,6.5,12.9,50.4,52.0,5.0,6.0,83.2,0.6,4.0,4.7,4.5,1.0,0.4,3.4,2.2,23.7
Jake Layman,SF,24,POR,71,18.7,3.0,6.0,50.9,0.8,2.5,32.6,2.2,3.4,64.6,57.9,0.7,1.0,70.4,0.8,2.3,3.1,0.7,0.4,0.4,0.6,1.6,7.6
T.J. Leaf,PF,21,IND,58,9.0,1.7,3.2,54.1,0.1,0.5,25.8,1.6,2.6,59.9,56.3,0.3,0.5,61.3,0.7,1.4,2.2,0.4,0.2,0.3,0.2,0.6,3.9
Courtney Lee,SG,33,TOT,34,12.6,1.6,3.8,41.1,0.5,1.6,29.1,1.1,2.2,50.0,47.3,0.4,0.6,66.7,0.3,1.3,1.6,1.1,0.6,0.1,0.4,0.9,4.0
Damion Lee,SG,26,GSW,32,11.7,1.8,4.0,44.1,0.8,2.1,39.7,0.9,1.8,49.2,54.7,0.6,0.7,86.4,0.3,1.8,2.0,0.4,0.4,0.0,0.3,0.9,4.9
Walt Lemon Jr.,PG,26,CHI,6,27.8,6.3,14.5,43.7,0.3,0.8,40.0,6.0,13.7,43.9,44.8,1.3,1.8,72.7,0.7,3.8,4.5,5.0,1.8,0.2,1.7,2.3,14.3
Alex Len,C,25,ATL,77,20.1,4.2,8.4,49.4,1.0,2.6,36.3,3.2,5.8,55.4,55.1,1.8,2.8,64.8,2.1,3.5,5.5,1.1,0.4,0.9,1.3,2.6,11.1
Kawhi Leonard,SF,27,TOR,60,34.0,9.3,18.8,49.6,1.9,5.0,37.1,7.5,13.8,54.2,54.6,6.1,7.1,85.4,1.3,6.0,7.3,3.3,1.8,0.4,2.0,1.5,26.6
Meyers Leonard,C,26,POR,61,14.4,2.2,4.0,54.5,0.8,1.8,45.0,1.3,2.1,62.6,64.9,0.7,0.8,84.3,0.8,3.0,3.8,1.2,0.2,0.1,0.7,1.7,5.9
Jon Leuer,PF,29,DET,41,9.8,1.6,2.8,58.4,0.0,0.3,9.1,1.6,2.5,63.7,58.8,0.6,0.8,74.2,0.7,1.7,2.4,0.3,0.3,0.1,0.6,1.5,3.8
Caris LeVert,SF,24,BRK,40,26.6,5.2,12.1,42.9,1.2,3.9,31.2,4.0,8.2,48.3,47.8,2.1,3.1,69.1,0.9,2.9,3.8,3.9,1.1,0.4,1.7,1.9,13.7
Damian Lillard,PG,28,POR,80,35.5,8.5,19.2,44.4,3.0,8.0,36.9,5.6,11.1,49.9,52.2,5.9,6.4,91.2,0.9,3.8,4.6,6.9,1.1,0.4,2.7,1.9,25.8
Jeremy Lin,PG,30,TOT,74,19.4,3.2,7.3,44.0,0.7,2.5,29.4,2.5,4.8,51.7,49.1,2.4,2.8,83.8,0.3,2.1,2.4,3.1,0.6,0.2,1.7,1.9,9.6
Shaun Livingston,PG,33,GSW,64,15.1,1.7,3.3,51.9,0.0,0.0,0.0,1.7,3.3,52.4,51.9,0.6,0.8,78.4,0.7,1.2,1.8,1.8,0.5,0.4,0.6,1.2,4.0
Zach Lofton,SG,26,DET,1,4.0,0.0,1.0,0.0,0.0,1.0,0.0,0.0,0.0,,0.0,0.0,0.0,,0.0,0.0,0.0,0.0,1.0,0.0,1.0,0.0,0.0
Kevon Looney,C,22,GSW,80,18.5,2.7,4.3,62.5,0.0,0.1,10.0,2.7,4.2,64.1,62.7,0.8,1.3,61.9,2.4,2.8,5.2,1.5,0.6,0.7,0.6,2.6,6.3
Brook Lopez,C,30,MIL,81,28.7,4.4,9.7,45.2,2.3,6.3,36.5,2.1,3.4,61.3,57.1,1.4,1.6,84.2,0.4,4.5,4.9,1.2,0.6,2.2,1.0,2.3,12.5
Robin Lopez,C,30,CHI,74,21.7,4.1,7.2,56.8,0.1,0.4,22.6,4.0,6.8,58.9,57.5,1.2,1.7,72.4,1.9,2.0,3.9,1.2,0.1,1.1,1.3,1.7,9.5
Kevin Love,PF,30,CLE,22,27.2,5.0,12.9,38.5,2.4,6.7,36.1,2.5,6.2,41.2,47.9,4.7,5.2,90.4,1.5,9.4,10.9,2.2,0.3,0.2,1.9,2.5,17.0
Kyle Lowry,PG,32,TOR,65,34.0,4.7,11.4,41.1,2.4,7.0,34.7,2.3,4.4,51.4,51.8,2.5,3.0,83.0,0.6,4.2,4.8,8.7,1.4,0.5,2.8,2.6,14.2
Jordan Loyd,PG,25,TOR,12,4.6,0.7,1.5,44.4,0.3,0.7,50.0,0.3,0.8,40.0,55.6,0.8,0.9,81.8,0.1,0.7,0.8,0.5,0.0,0.0,0.2,0.4,2.4
Kalin Lucas,PG,29,DET,1,6.0,0.0,1.0,0.0,0.0,1.0,0.0,0.0,0.0,,0.0,2.0,2.0,0.0,0.0,3.0,3.0,1.0,0.0,0.0,0.0,1.0,2.0
Timothé Luwawu-Cabarrot,SF,23,TOT,50,13.4,1.6,4.4,37.6,0.7,2.3,31.0,0.9,2.0,45.1,45.9,0.6,0.8,75.6,0.2,1.7,1.9,0.5,0.4,0.2,0.4,1.5,4.6
Tyler Lydon,PF,22,DEN,25,3.8,0.4,0.7,50.0,0.2,0.4,40.0,0.2,0.3,62.5,61.1,0.0,0.1,33.3,0.3,0.4,0.7,0.2,0.1,0.0,0.2,0.4,0.9
Trey Lyles,PF,23,DEN,64,17.5,3.2,7.7,41.8,0.8,3.1,25.5,2.4,4.6,52.9,47.0,1.3,1.8,69.8,0.7,3.2,3.8,1.4,0.5,0.4,1.1,1.5,8.5
Scott Machado,PG,28,LAL,4,4.8,1.0,1.5,66.7,0.3,0.3,0.0,0.8,1.3,60.0,75.0,0.3,0.3,0.0,0.0,0.0,0.0,0.8,0.3,0.0,0.0,0.5,2.5
Shelvin Mack,PG,28,TOT,57,21.9,2.9,7.1,40.4,0.8,2.3,35.4,2.1,4.8,42.9,46.2,1.0,1.5,69.0,0.3,1.5,1.8,3.2,0.8,0.1,1.2,1.5,7.5
Daryl Macon,SG,23,DAL,8,11.3,1.3,3.4,37.0,0.6,1.4,45.5,0.6,2.0,31.3,46.3,0.5,0.9,57.1,0.3,1.3,1.5,0.9,0.1,0.0,0.8,1.0,3.6
J.P. Macura,SG,23,CHO,2,8.5,1.5,4.5,33.3,0.0,2.0,0.0,1.5,2.5,60.0,33.3,0.0,0.0,,0.0,1.5,1.5,1.0,0.0,0.0,0.0,0.0,3.0
Ian Mahinmi,C,32,WAS,34,14.6,1.4,3.1,45.2,0.1,0.5,18.8,1.3,2.6,50.0,46.6,1.2,1.8,68.9,1.4,2.4,3.8,0.7,0.7,0.5,0.6,2.5,4.1
Thon Maker,C-PF,21,TOT,64,15.2,1.7,4.2,40.7,0.8,2.4,32.0,0.9,1.8,52.2,49.8,0.9,1.3,66.7,0.6,2.5,3.2,0.7,0.3,0.8,0.5,1.6,5.0
Boban Marjanović,C,30,TOT,58,11.7,2.8,4.5,61.5,0.1,0.2,40.0,2.7,4.3,62.4,62.3,1.7,2.3,74.8,1.5,3.1,4.6,0.9,0.3,0.5,1.0,1.6,7.3
Lauri Markkanen,PF,21,CHI,52,32.3,6.6,15.3,43.0,2.3,6.4,36.1,4.3,8.9,47.9,50.6,3.3,3.8,87.2,1.4,7.6,9.0,1.4,0.7,0.6,1.6,2.3,18.7
Jarell Martin,PF,24,ORL,42,7.8,1.0,2.5,41.3,0.5,1.4,35.1,0.5,1.1,48.9,51.0,0.2,0.3,81.8,0.3,1.5,1.7,0.4,0.1,0.2,0.3,1.2,2.7
Frank Mason III,PG,24,SAC,38,11.4,1.9,4.4,42.0,0.4,1.7,21.9,1.5,2.8,54.3,46.2,1.0,1.5,68.4,0.2,1.0,1.1,2.2,0.4,0.1,0.9,0.9,5.1
Yante Maten,PF,22,MIA,2,6.5,0.5,2.0,25.0,0.0,0.5,0.0,0.5,1.5,33.3,25.0,0.0,0.0,,0.5,1.0,1.5,0.0,0.5,0.0,0.0,0.0,1.0
Wesley Matthews,SF-SG,32,TOT,69,30.3,4.0,10.1,40.0,2.2,5.8,37.2,1.9,4.3,43.7,50.7,1.9,2.4,81.0,0.5,2.0,2.5,2.3,0.8,0.2,1.3,2.3,12.2
Luc Mbah a Moute,PF,32,LAC,4,15.3,2.0,4.5,44.4,0.5,1.5,33.3,1.5,3.0,50.0,50.0,0.5,1.3,40.0,0.5,1.3,1.8,0.5,0.3,0.3,0.5,2.0,5.0
Tahjere McCall,SG,24,BRK,1,8.0,2.0,3.0,66.7,0.0,1.0,0.0,2.0,2.0,0.0,66.7,0.0,1.0,0.0,0.0,1.0,1.0,0.0,0.0,0.0,0.0,2.0,4.0
Patrick McCaw,SG,23,TOT,29,13.7,0.9,2.2,41.3,0.3,1.0,32.1,0.6,1.2,48.6,48.4,0.4,0.5,86.7,0.2,1.4,1.7,1.0,0.8,0.1,0.6,1.3,2.6
CJ McCollum,SG,27,POR,70,33.9,8.2,17.8,45.9,2.4,6.4,37.5,5.8,11.4,50.6,52.7,2.3,2.7,82.8,0.9,3.1,4.0,3.0,0.8,0.4,1.5,2.5,21.0
T.J. McConnell,PG,26,PHI,76,19.3,2.9,5.5,52.5,0.2,0.6,33.3,2.7,5.0,54.6,54.2,0.4,0.5,78.4,0.4,1.9,2.3,3.4,1.0,0.2,1.2,1.4,6.4
Doug McDermott,SF,27,IND,77,17.4,2.7,5.5,49.1,1.1,2.7,40.8,1.6,2.8,56.9,59.0,0.9,1.0,83.5,0.2,1.2,1.4,0.9,0.2,0.1,0.5,1.4,7.3
JaVale McGee,C,31,LAL,75,22.3,5.3,8.5,62.4,0.0,0.2,8.3,5.3,8.4,63.4,62.5,1.3,2.0,63.2,2.6,4.9,7.5,0.7,0.6,2.0,1.4,2.8,12.0
Rodney McGruder,SG,27,MIA,66,23.5,2.8,7.0,40.3,1.2,3.4,35.1,1.6,3.6,45.3,48.9,0.8,1.1,72.2,0.9,2.7,3.6,1.7,0.5,0.2,1.0,1.7,7.6
Alfonzo McKinnie,SF,26,GSW,72,13.9,1.9,3.8,48.7,0.6,1.6,35.6,1.3,2.2,58.6,56.4,0.4,0.7,56.3,1.1,2.3,3.4,0.4,0.3,0.2,0.4,1.9,4.7
Ben McLemore,SG,25,SAC,19,8.3,1.3,3.4,39.1,0.9,2.2,41.5,0.4,1.2,34.8,52.3,0.4,0.6,66.7,0.2,0.7,0.9,0.2,0.3,0.2,0.3,1.2,3.9
Jordan McRae,SG,27,WAS,27,12.3,2.3,4.8,46.9,0.4,1.3,28.6,1.9,3.5,53.7,50.8,1.0,1.3,80.0,0.2,1.3,1.5,1.1,0.5,0.3,0.6,1.0,5.9
Jodie Meeks,SG,31,TOR,8,13.0,2.6,4.9,53.8,1.0,2.3,44.4,1.6,2.6,61.9,64.1,0.1,0.1,0.0,0.1,1.4,1.5,1.0,0.1,0.1,0.3,0.6,6.4
Salah Mejri,C,32,DAL,36,11.1,1.5,3.1,49.1,0.3,0.9,32.4,1.2,2.2,56.4,54.0,0.6,0.9,62.5,1.0,2.6,3.6,1.0,0.3,0.7,0.6,1.5,3.9
De'Anthony Melton,PG,20,PHO,50,19.7,2.0,5.1,39.1,0.6,1.9,30.5,1.4,3.2,44.1,44.7,0.4,0.6,75.0,0.5,2.2,2.7,3.2,1.4,0.5,1.5,2.3,5.0
Chimezie Metu,PF,21,SAS,29,5.0,0.7,2.0,32.8,0.0,0.1,0.0,0.7,1.9,33.9,32.8,0.4,0.6,76.5,0.3,0.9,1.2,0.4,0.2,0.1,0.5,0.5,1.8
Khris Middleton,SF,27,MIL,77,31.1,6.6,14.9,44.1,2.3,6.2,37.8,4.2,8.8,48.5,51.9,2.8,3.4,83.7,0.6,5.3,6.0,4.3,1.0,0.1,2.3,2.2,18.3
C.J. Miles,SF,31,TOT,53,16.2,2.1,5.9,36.0,1.3,3.8,33.0,0.8,2.0,41.7,46.8,0.9,1.1,82.8,0.2,1.5,1.8,0.7,0.5,0.3,0.6,1.5,6.4
Darius Miller,SF,28,NOP,69,25.5,2.7,7.0,39.0,1.9,5.3,36.5,0.8,1.7,46.7,52.8,0.8,1.0,78.9,0.2,1.7,1.9,2.1,0.6,0.3,0.9,2.4,8.2
Malcolm Miller,SF,25,TOR,10,6.7,1.1,2.6,42.3,1.0,2.1,47.6,0.1,0.5,20.0,61.5,0.3,0.4,75.0,0.1,0.4,0.5,0.1,0.1,0.1,0.1,0.5,3.5
Patty Mills,PG,30,SAS,82,23.3,3.4,8.1,42.5,1.9,4.9,39.4,1.5,3.2,47.5,54.5,1.1,1.3,85.4,0.3,1.9,2.2,3.0,0.6,0.1,1.1,1.6,9.9
Paul Millsap,PF,33,DEN,70,27.1,4.6,9.5,48.4,0.8,2.3,36.5,3.8,7.2,52.2,52.8,2.6,3.6,72.7,2.2,5.0,7.2,2.0,1.2,0.8,1.4,2.6,12.6
Shake Milton,SG,22,PHI,20,13.4,1.7,4.4,39.1,0.7,2.2,31.8,1.0,2.2,46.5,47.1,0.3,0.4,71.4,0.5,1.3,1.8,0.9,0.4,0.4,0.3,1.5,4.4
Nikola Mirotić,PF,27,TOT,46,27.1,5.2,11.8,43.9,2.5,6.9,36.5,2.7,4.9,54.5,54.6,2.3,2.7,84.7,1.3,6.1,7.4,1.2,0.7,0.7,1.0,2.3,15.2
Donovan Mitchell,SG,22,UTA,77,33.7,8.6,19.9,43.2,2.4,6.7,36.2,6.1,13.1,46.8,49.3,4.1,5.1,80.6,0.8,3.3,4.1,4.2,1.4,0.4,2.8,2.7,23.8
Naz Mitrou-Long,SG,25,UTA,14,6.0,0.4,1.4,30.0,0.1,0.8,18.2,0.3,0.6,44.4,35.0,0.1,0.1,0.0,0.1,0.4,0.4,1.1,0.1,0.1,0.6,0.7,1.1
Malik Monk,SG,20,CHO,73,17.2,3.1,8.0,38.7,1.5,4.5,33.0,1.6,3.5,46.1,48.0,1.2,1.4,88.2,0.2,1.7,1.9,1.6,0.5,0.3,1.2,1.5,8.9
Greg Monroe,C,28,TOT,43,11.2,2.1,4.4,48.7,0.0,0.1,20.0,2.1,4.3,49.5,48.9,1.0,1.7,62.5,1.6,2.4,4.0,0.6,0.3,0.2,0.7,1.5,5.3
E'Twaun Moore,SG,29,NOP,53,27.6,4.8,10.0,48.1,1.4,3.3,43.2,3.4,6.7,50.6,55.3,0.8,1.1,76.3,0.7,1.7,2.4,1.9,0.8,0.2,1.1,2.1,11.9
Eric Moreland,PF,27,TOT,5,8.6,0.6,1.4,42.9,0.2,0.2,0.0,0.4,1.2,33.3,50.0,0.0,0.0,,0.8,3.2,4.0,0.8,0.2,0.2,1.0,1.8,1.4
Jaylen Morris,SG,23,MIL,4,7.3,1.0,2.5,40.0,0.3,0.8,33.3,0.8,1.8,42.9,45.0,0.3,0.5,50.0,0.0,1.3,1.3,1.0,0.5,0.0,0.3,0.3,2.5
Marcus Morris,PF,29,BOS,75,27.9,5.0,11.3,44.7,1.9,5.2,37.5,3.1,6.1,50.8,53.3,1.9,2.3,84.4,1.0,5.1,6.1,1.5,0.6,0.3,1.2,2.4,13.9
Markieff Morris,PF,29,TOT,58,21.9,3.5,8.3,42.1,1.2,3.5,33.5,2.3,4.8,48.4,49.2,1.2,1.6,77.2,1.1,3.5,4.6,1.4,0.6,0.4,0.9,3.0,9.4
Monte Morris,PG,23,DEN,82,24.0,4.2,8.6,49.3,1.1,2.8,41.4,3.1,5.8,53.1,56.0,0.8,1.0,80.2,0.4,1.9,2.4,3.6,0.9,0.0,0.6,1.2,10.4
Donatas Motiejūnas,PF,28,SAS,3,4.3,1.0,2.0,50.0,0.0,0.0,,1.0,2.0,50.0,50.0,0.0,0.7,0.0,0.7,0.3,1.0,0.3,0.0,0.3,1.0,2.0,2.0
Johnathan Motley,PF,23,LAC,22,7.1,1.8,3.3,53.4,0.0,0.1,0.0,1.8,3.2,55.7,53.4,1.1,1.8,60.0,0.8,1.5,2.3,0.5,0.2,0.1,0.7,1.2,4.6
Emmanuel Mudiay,PG,22,NYK,59,27.2,5.6,12.5,44.6,1.2,3.6,32.9,4.4,9.0,49.2,49.3,2.4,3.2,77.4,0.6,2.8,3.3,3.9,0.7,0.3,2.4,1.7,14.8
Jamal Murray,PG,21,DEN,75,32.6,6.8,15.6,43.7,2.0,5.5,36.7,4.8,10.1,47.6,50.2,2.5,3.0,84.8,0.9,3.4,4.2,4.8,0.9,0.4,2.1,2.0,18.2
Džanan Musa,SG,19,BRK,9,4.3,1.0,2.4,40.9,0.1,1.1,10.0,0.9,1.3,66.7,43.2,0.0,0.2,0.0,0.1,0.4,0.6,0.2,0.2,0.0,0.4,0.1,2.1
Mike Muscala,PF,27,TOT,64,20.4,2.3,5.6,40.2,1.4,4.0,34.8,0.9,1.6,53.3,52.5,1.1,1.3,82.4,0.9,2.9,3.8,1.2,0.3,0.6,0.8,2.0,7.0
Svi Mykhailiuk,SF,21,TOT,42,10.5,1.1,3.3,32.9,0.7,2.1,32.6,0.4,1.2,33.3,43.2,0.3,0.5,60.0,0.2,0.6,0.9,0.9,0.3,0.0,0.5,0.6,3.2
Abdel Nader,SF,25,OKC,61,11.4,1.5,3.5,42.3,0.5,1.6,32.0,1.0,1.9,51.3,49.8,0.4,0.6,75.0,0.2,1.7,1.9,0.3,0.3,0.2,0.4,1.1,4.0
Larry Nance Jr.,C,26,CLE,67,26.8,3.7,7.1,52.0,0.5,1.5,33.7,3.2,5.7,56.7,55.4,1.4,2.0,71.6,2.5,5.7,8.2,3.2,1.5,0.6,1.4,2.9,9.4
Shabazz Napier,PG,27,BRK,56,17.6,3.0,7.8,38.9,1.4,4.1,33.3,1.7,3.7,44.9,47.6,2.1,2.5,83.3,0.3,1.5,1.8,2.6,0.7,0.3,1.2,1.2,9.4
Raul Neto,PG,26,UTA,37,12.8,2.0,4.4,46.0,0.5,1.6,33.3,1.5,2.7,53.5,52.2,0.8,0.9,84.8,0.2,1.5,1.7,2.5,0.4,0.1,0.9,1.3,5.3
Georges Niang,PF,25,UTA,59,8.7,1.5,3.1,47.5,0.7,1.8,41.0,0.7,1.3,56.6,59.4,0.3,0.4,83.3,0.2,1.3,1.5,0.6,0.2,0.1,0.4,1.0,4.0
Joakim Noah,C,33,MEM,42,16.5,2.6,5.1,51.6,0.0,0.0,0.0,2.6,5.0,51.9,51.6,1.9,2.6,71.6,1.4,4.3,5.7,2.1,0.5,0.7,1.2,2.3,7.1
Nerlens Noel,C,24,OKC,77,13.7,2.1,3.6,58.7,0.0,0.0,,2.1,3.6,58.7,58.7,0.7,1.0,68.4,1.6,2.6,4.2,0.6,0.9,1.2,0.6,2.2,4.9
Dirk Nowitzki,PF,40,DAL,51,15.6,2.6,7.4,35.9,1.3,4.0,31.2,1.4,3.4,41.5,44.4,0.8,1.0,78.0,0.1,3.0,3.1,0.7,0.2,0.4,0.4,1.5,7.3
Frank Ntilikina,PG,20,NYK,43,21.0,2.2,6.6,33.7,0.8,2.7,28.7,1.4,3.9,37.1,39.5,0.5,0.7,76.7,0.3,1.7,2.0,2.8,0.7,0.3,1.3,2.4,5.7
James Nunnally,SF,28,TOT,15,6.8,0.8,2.3,35.3,0.5,1.7,32.0,0.3,0.6,44.4,47.1,0.3,0.3,0.0,0.0,0.3,0.3,0.5,0.1,0.0,0.1,0.7,2.4
Jusuf Nurkić,C,24,POR,72,27.4,5.8,11.5,50.8,0.0,0.4,10.3,5.8,11.1,52.3,51.0,3.9,5.1,77.3,3.4,7.0,10.4,3.2,1.0,1.4,2.3,3.5,15.6
David Nwaba,SF,26,CLE,51,19.3,2.5,5.1,48.1,0.5,1.5,32.0,2.0,3.7,54.5,52.7,1.1,1.7,68.2,0.8,2.4,3.2,1.1,0.7,0.3,0.6,2.1,6.5
Royce O'Neale,SF,25,UTA,82,20.4,2.0,4.2,47.5,0.8,2.1,38.6,1.2,2.0,56.9,57.4,0.4,0.5,76.2,0.3,3.2,3.5,1.5,0.7,0.3,0.9,2.1,5.2
Kyle O'Quinn,C,28,IND,45,8.2,1.5,3.0,50.7,0.0,0.3,8.3,1.5,2.8,54.8,51.1,0.4,0.5,81.0,0.6,2.0,2.6,1.2,0.2,0.6,0.7,1.5,3.5
Semi Ojeleye,PF,24,BOS,56,10.6,1.2,2.8,42.4,0.5,1.6,31.5,0.7,1.2,56.5,51.3,0.4,0.7,61.5,0.4,1.1,1.5,0.4,0.2,0.1,0.3,0.8,3.3
Jahlil Okafor,C,23,NOP,59,15.8,3.6,6.1,58.6,0.0,0.1,20.0,3.6,6.1,59.1,58.7,1.0,1.5,66.3,1.4,3.3,4.7,0.7,0.3,0.7,0.9,1.6,8.2
Elie Okobo,PG,21,PHO,53,18.1,2.2,5.5,39.3,0.7,2.5,29.5,1.4,3.0,47.5,46.0,0.7,0.9,78.7,0.2,1.6,1.8,2.4,0.6,0.1,1.3,2.1,5.7
Josh Okogie,SG,20,MIN,74,23.7,2.6,6.9,38.6,0.8,2.9,27.9,1.8,4.0,46.4,44.5,1.6,2.2,72.8,0.6,2.4,2.9,1.2,1.2,0.4,0.9,2.2,7.7
Victor Oladipo,SG,26,IND,36,31.9,6.9,16.3,42.3,2.1,6.0,34.3,4.9,10.3,47.0,48.6,2.9,3.9,73.0,0.6,5.0,5.6,5.2,1.7,0.3,2.3,2.0,18.8
Kelly Olynyk,PF,27,MIA,79,22.9,3.3,7.1,46.3,1.4,4.0,35.4,1.9,3.1,60.4,56.3,1.9,2.3,82.2,0.9,3.8,4.7,1.8,0.7,0.5,1.4,2.3,10.0
Cedi Osman,SF,23,CLE,76,32.2,4.7,11.1,42.7,1.7,4.9,34.8,3.0,6.2,48.9,50.4,1.9,2.4,77.9,0.6,4.1,4.7,2.6,0.8,0.1,1.5,2.6,13.0
Kelly Oubre Jr.,SF,23,TOT,69,28.0,5.4,12.2,44.5,1.6,4.9,32.0,3.9,7.3,53.0,51.0,2.7,3.5,77.5,1.0,3.7,4.7,1.2,1.2,0.9,1.5,2.6,15.2
Zaza Pachulia,C,34,DET,68,12.9,1.3,2.8,44.0,0.0,0.1,0.0,1.3,2.8,45.0,44.0,1.4,1.8,78.2,1.5,2.4,3.9,1.3,0.5,0.3,0.8,2.2,3.9
Jabari Parker,PF,23,TOT,64,26.9,5.8,11.7,49.3,1.0,3.0,31.3,4.8,8.7,55.6,53.3,2.0,2.9,71.2,1.2,5.3,6.6,2.4,0.7,0.5,2.4,2.3,14.5
Tony Parker,PG,36,CHO,56,17.9,3.8,8.3,46.0,0.2,0.9,25.5,3.6,7.4,48.5,47.4,1.6,2.2,73.4,0.3,1.2,1.5,3.7,0.4,0.1,1.3,0.9,9.5
Chandler Parsons,SF,30,MEM,25,19.8,2.7,7.3,37.4,1.2,3.8,30.9,1.6,3.5,44.3,45.3,0.9,1.0,88.0,0.2,2.6,2.8,1.7,0.8,0.2,1.3,1.8,7.5
Patrick Patterson,PF,29,OKC,63,13.7,1.3,3.5,37.4,0.7,2.2,33.6,0.6,1.3,43.9,47.9,0.3,0.5,63.3,0.7,1.7,2.3,0.5,0.3,0.2,0.3,0.7,3.6
Justin Patton,C,21,PHI,3,7.0,0.7,2.3,28.6,0.0,0.7,0.0,0.7,1.7,40.0,28.6,0.3,0.7,50.0,0.7,1.3,2.0,1.0,0.7,0.0,0.0,1.7,1.7
Chris Paul,PG,33,HOU,58,32.0,5.2,12.4,41.9,2.2,6.1,35.8,3.0,6.3,47.9,50.8,3.0,3.5,86.2,0.6,3.9,4.6,8.2,2.0,0.3,2.6,2.5,15.6
Cameron Payne,PG,24,TOT,40,17.8,2.4,5.6,43.0,0.6,2.1,29.8,1.8,3.5,51.1,48.7,0.8,1.0,80.5,0.3,1.5,1.8,2.7,0.7,0.2,1.1,1.6,6.3
Elfrid Payton,PG,24,NOP,42,29.8,4.3,9.8,43.4,0.8,2.5,31.4,3.5,7.3,47.6,47.5,1.3,1.8,74.3,1.2,4.1,5.2,7.6,1.0,0.4,2.7,1.9,10.6
Gary Payton II,PG,26,WAS,3,5.3,1.7,2.7,62.5,0.3,0.7,50.0,1.3,2.0,66.7,68.8,0.0,0.0,,0.3,0.3,0.7,1.3,1.0,0.3,0.3,0.7,3.7
Theo Pinson,SG,23,BRK,18,11.7,1.4,4.1,34.2,0.7,2.6,26.1,0.7,1.5,48.1,42.5,1.1,1.2,86.4,0.2,1.8,2.0,1.2,0.3,0.0,1.0,0.8,4.5
Mason Plumlee,C,28,DEN,82,21.1,3.2,5.4,59.3,0.0,0.1,20.0,3.2,5.3,60.2,59.5,1.4,2.4,56.1,2.0,4.4,6.4,3.0,0.8,0.9,1.5,3.1,7.8
Miles Plumlee,C,30,ATL,18,9.6,1.8,2.7,66.7,0.0,0.0,,1.8,2.7,66.7,66.7,0.9,1.7,53.3,0.9,1.3,2.2,0.9,0.3,0.2,0.6,0.8,4.4
Jakob Poeltl,C,23,SAS,77,16.5,2.4,3.8,64.5,0.0,0.0,,2.4,3.8,64.5,64.5,0.6,1.2,53.3,2.3,3.0,5.3,1.2,0.4,0.9,0.6,1.6,5.5
Quincy Pondexter,SF,30,SAS,53,5.5,0.5,1.1,50.0,0.1,0.3,33.3,0.4,0.8,57.5,55.2,0.6,0.8,81.0,0.2,0.7,0.9,0.5,0.2,0.0,0.2,0.5,1.8
Otto Porter Jr.,SF,25,TOT,56,30.1,5.3,11.5,46.5,1.9,4.6,40.6,3.5,6.9,50.4,54.6,1.4,1.7,81.3,1.0,4.6,5.6,2.1,1.5,0.6,1.2,1.9,13.9
Bobby Portis,PF,23,TOT,50,26.0,5.6,12.6,44.4,1.5,3.8,39.3,4.1,8.7,46.7,50.4,1.5,1.9,79.4,2.2,5.9,8.1,1.4,0.7,0.4,1.5,2.9,14.2
Dwight Powell,C,27,DAL,77,21.6,3.8,6.3,59.7,0.5,1.6,30.7,3.3,4.7,69.9,63.7,2.5,3.3,77.2,1.8,3.5,5.3,1.5,0.6,0.6,0.9,2.6,10.6
Norman Powell,SG,25,TOR,60,18.8,3.2,6.7,48.3,1.1,2.8,40.0,2.1,3.8,54.3,56.8,1.0,1.3,82.7,0.3,2.1,2.3,1.5,0.7,0.2,1.1,1.6,8.6
Alex Poythress,PF,25,ATL,21,14.5,1.9,3.9,49.4,0.4,1.1,39.1,1.5,2.8,53.4,54.9,0.9,1.4,62.1,1.4,2.2,3.6,0.8,0.2,0.5,0.6,2.2,5.1
Taurean Prince,SF,24,ATL,55,28.2,4.8,10.8,44.1,2.2,5.7,39.0,2.5,5.1,49.8,54.5,1.7,2.1,81.9,0.4,3.2,3.6,2.1,1.0,0.3,1.8,2.6,13.5
Zhou Qi,PF,23,HOU,1,1.0,1.0,1.0,0.0,0.0,0.0,,1.0,1.0,0.0,0.0,0.0,0.0,,0.0,0.0,0.0,0.0,0.0,0.0,0.0,0.0,2.0
Ivan Rabb,PF,21,MEM,49,14.7,2.4,4.3,54.7,0.1,0.3,20.0,2.3,4.0,57.4,55.4,1.0,1.4,71.0,1.4,2.8,4.2,1.1,0.3,0.3,0.7,1.8,5.8
Chasson Randle,PG,25,WAS,49,15.2,1.9,4.4,41.9,0.9,2.3,40.0,0.9,2.1,44.1,52.5,0.9,1.3,69.4,0.2,0.9,1.1,2.0,0.5,0.1,0.9,1.9,5.5
Julius Randle,PF,24,NOP,73,30.6,7.8,14.9,52.4,0.9,2.7,34.4,6.9,12.2,56.4,55.5,4.9,6.7,73.1,2.2,6.5,8.7,3.1,0.7,0.6,2.8,3.4,21.4
J.J. Redick,SG,34,PHI,76,31.3,5.9,13.5,44.0,3.2,8.0,39.7,2.8,5.6,50.2,55.7,3.0,3.4,89.4,0.3,2.2,2.4,2.7,0.4,0.2,1.3,1.7,18.1
Davon Reed,SG,23,IND,10,4.7,0.5,1.2,41.7,0.2,0.4,50.0,0.3,0.8,37.5,50.0,0.0,0.0,,0.2,0.4,0.6,0.3,0.1,0.0,0.1,0.3,1.2
Cameron Reynolds,SG,23,MIN,19,13.6,1.7,4.1,42.3,1.1,2.7,41.2,0.6,1.4,44.4,55.8,0.4,0.5,88.9,0.2,1.4,1.6,0.7,0.3,0.1,0.3,1.4,5.0
Josh Richardson,SG,25,MIA,73,34.8,5.8,14.1,41.2,2.2,6.3,35.7,3.5,7.8,45.8,49.2,2.7,3.2,86.1,0.7,2.9,3.6,4.1,1.1,0.5,1.5,2.7,16.6
Malachi Richardson,SG,23,TOR,22,4.7,0.4,1.3,31.0,0.4,1.1,32.0,0.0,0.2,25.0,44.8,0.2,0.2,80.0,0.1,0.5,0.6,0.0,0.0,0.0,0.4,0.6,1.4
Austin Rivers,SG,26,TOT,76,26.7,3.1,7.5,40.6,1.4,4.3,31.8,1.7,3.2,52.2,49.7,0.7,1.3,52.6,0.3,1.8,2.1,2.2,0.6,0.3,0.9,2.7,8.1
Devin Robinson,SF,23,WAS,7,13.6,2.7,4.6,59.4,0.0,0.3,0.0,2.7,4.3,63.3,59.4,1.3,2.0,64.3,0.9,2.0,2.9,0.9,0.6,0.9,0.3,1.6,6.7
Duncan Robinson,SF,24,MIA,15,10.7,1.2,3.1,39.1,0.7,2.3,28.6,0.5,0.7,72.7,50.0,0.3,0.4,66.7,0.1,1.1,1.3,0.3,0.3,0.0,0.3,0.7,3.3
Glenn Robinson III,SF,25,DET,47,13.0,1.6,3.7,42.0,0.4,1.3,29.0,1.2,2.4,49.1,47.2,0.7,0.9,80.0,0.4,1.1,1.5,0.4,0.3,0.2,0.4,1.0,4.2
Jerome Robinson,SG,21,LAC,33,9.7,1.3,3.3,40.0,0.5,1.7,31.6,0.8,1.6,49.1,48.2,0.2,0.3,66.7,0.1,1.2,1.2,0.6,0.3,0.1,0.4,1.4,3.4
Mitchell Robinson,C,20,NYK,66,20.6,3.1,4.4,69.4,0.0,0.0,,3.1,4.4,69.4,69.4,1.2,2.0,60.0,2.7,3.7,6.4,0.6,0.8,2.4,0.5,3.3,7.3
Rajon Rondo,PG,32,LAL,46,29.8,3.8,9.4,40.5,1.1,3.1,35.9,2.7,6.3,42.8,46.4,0.5,0.8,63.9,0.7,4.5,5.3,8.0,1.2,0.2,2.8,2.2,9.2
Derrick Rose,PG,30,MIN,51,27.3,7.1,14.8,48.2,1.1,2.9,37.0,6.1,11.9,50.9,51.8,2.7,3.1,85.6,0.6,2.1,2.7,4.3,0.6,0.2,1.6,1.1,18.0
Terrence Ross,SG,27,ORL,81,26.5,5.4,12.7,42.8,2.7,7.0,38.3,2.8,5.7,48.4,53.4,1.6,1.8,87.5,0.3,3.1,3.5,1.7,0.9,0.4,1.1,1.5,15.1
Terry Rozier,PG,24,BOS,79,22.7,3.3,8.4,38.7,1.5,4.3,35.3,1.8,4.2,42.2,47.7,0.9,1.2,78.5,0.4,3.5,3.9,2.9,0.9,0.3,0.9,1.3,9.0
Ricky Rubio,PG,28,UTA,68,27.9,4.3,10.7,40.4,1.2,3.7,31.1,3.2,7.0,45.4,45.8,2.9,3.4,85.5,0.5,3.1,3.6,6.1,1.3,0.1,2.6,2.6,12.7
D'Angelo Russell,PG,22,BRK,81,30.2,8.1,18.7,43.4,2.9,7.8,36.9,5.2,10.9,48.2,51.2,2.0,2.5,78.0,0.7,3.2,3.9,7.0,1.2,0.2,3.1,1.7,21.1
Domantas Sabonis,C,22,IND,74,24.8,5.6,9.5,59.0,0.1,0.2,52.9,5.5,9.2,59.2,59.6,2.8,3.9,71.5,2.5,6.8,9.3,2.9,0.6,0.4,2.2,3.2,14.1
Brandon Sampson,SG,21,CHI,14,15.3,2.0,4.3,46.7,0.8,2.1,37.9,1.2,2.2,54.8,55.8,0.3,0.4,66.7,0.2,0.9,1.1,0.7,0.6,0.2,0.9,1.4,5.1
JaKarr Sampson,SF,25,CHI,4,31.8,7.3,13.5,53.7,1.3,3.5,35.7,6.0,10.0,60.0,58.3,4.3,5.3,81.0,1.3,6.8,8.0,1.0,1.0,0.8,1.0,2.0,20.0
Dario Šarić,PF,24,TOT,81,25.0,3.8,8.6,43.7,1.5,4.0,36.5,2.3,4.6,49.9,52.2,1.6,1.9,88.0,1.6,4.1,5.6,1.6,0.6,0.1,1.2,2.2,10.6
Tomáš Satoranský,PG,27,WAS,80,27.1,3.2,6.6,48.5,0.8,2.0,39.5,2.4,4.6,52.4,54.5,1.6,2.0,81.9,1.0,2.5,3.5,5.0,1.0,0.2,1.5,2.2,8.9
Dennis Schröder,PG,25,OKC,79,29.3,5.8,14.0,41.4,1.6,4.6,34.1,4.2,9.4,45.0,47.0,2.4,2.9,81.9,0.5,3.1,3.6,4.1,0.8,0.2,2.2,2.4,15.5
Mike Scott,PF,30,TOT,79,17.7,2.1,5.3,40.0,1.3,3.2,40.1,0.8,2.1,39.9,52.0,0.3,0.4,66.7,0.5,2.9,3.5,0.8,0.3,0.2,0.6,2.0,5.8
Thabo Sefolosha,SF,34,UTA,50,12.2,1.4,3.0,47.7,0.7,1.6,43.6,0.7,1.4,52.1,59.1,0.3,0.4,63.6,0.2,2.3,2.5,0.5,0.9,0.1,0.5,0.8,3.8
Wayne Selden,SG,24,TOT,75,19.2,2.6,6.4,40.6,0.7,2.3,31.6,1.9,4.1,45.6,46.3,0.9,1.2,72.8,0.5,1.9,2.4,1.5,0.4,0.2,1.1,1.7,6.9
Collin Sexton,PG,20,CLE,82,31.8,6.3,14.7,43.0,1.5,3.6,40.2,4.9,11.1,44.0,48.0,2.6,3.1,83.9,0.7,2.2,2.9,3.0,0.5,0.1,2.3,2.3,16.7
Landry Shamet,SG,21,TOT,79,22.8,3.0,7.1,43.1,2.1,5.0,42.2,0.9,2.0,45.3,58.1,0.9,1.2,80.6,0.3,1.4,1.7,1.5,0.5,0.1,0.6,2.0,9.1
Iman Shumpert,SG,28,TOT,62,23.9,2.7,7.2,37.4,1.5,4.4,34.8,1.2,2.8,41.6,48.1,0.6,0.7,80.0,0.4,2.5,3.0,1.8,1.0,0.4,0.8,2.0,7.5
Pascal Siakam,PF,24,TOR,80,31.9,6.5,11.8,54.9,1.0,2.7,36.9,5.5,9.1,60.2,59.1,3.0,3.8,78.5,1.6,5.3,6.9,3.1,0.9,0.7,1.9,3.0,16.9
Jordan Sibert,SG,26,ATL,1,4.0,1.0,1.0,0.0,1.0,1.0,0.0,0.0,0.0,,50.0,0.0,0.0,,0.0,0.0,0.0,0.0,0.0,0.0,0.0,0.0,3.0
Ben Simmons,PG,22,PHI,79,34.2,6.8,12.2,56.3,0.0,0.1,0.0,6.8,12.1,56.6,56.3,3.3,5.4,60.0,2.2,6.6,8.8,7.7,1.4,0.8,3.5,2.6,16.9
Jonathon Simmons,SG-SF,29,TOT,56,19.0,2.4,6.3,38.0,0.5,1.9,26.9,1.9,4.4,42.7,42.0,1.3,1.7,74.2,0.5,1.8,2.3,2.3,0.5,0.3,1.2,1.6,6.5
Kobi Simmons,PG,21,CLE,1,2.0,0.0,0.0,,0.0,0.0,,0.0,0.0,,,0.0,0.0,,0.0,0.0,0.0,0.0,0.0,0.0,0.0,0.0,0.0
Anfernee Simons,SG,19,POR,20,7.1,1.4,3.2,44.4,0.5,1.5,34.5,0.9,1.7,52.9,52.4,0.5,0.8,56.3,0.2,0.5,0.7,0.7,0.1,0.0,0.6,0.5,3.8
Marcus Smart,SG,24,BOS,80,27.5,3.0,7.1,42.2,1.6,4.3,36.4,1.4,2.8,51.1,53.3,1.3,1.6,80.6,0.7,2.2,2.9,4.0,1.8,0.4,1.5,2.5,8.9
Dennis Smith Jr.,PG,21,TOT,53,28.5,5.2,12.3,42.8,1.3,3.9,32.2,4.0,8.3,47.7,47.9,1.9,2.9,63.5,0.6,2.3,2.9,4.8,1.3,0.4,2.9,2.4,13.6
Ish Smith,PG,30,DET,56,22.3,3.7,8.7,41.9,0.8,2.4,32.6,2.9,6.3,45.5,46.4,0.8,1.1,75.8,0.4,2.2,2.6,3.6,0.5,0.2,1.1,1.9,8.9
J.R. Smith,SG,33,CLE,11,20.2,2.5,7.2,34.2,1.1,3.5,30.8,1.4,3.6,37.5,41.8,0.7,0.9,80.0,0.0,1.6,1.6,1.9,1.0,0.3,1.0,1.7,6.7
Jason Smith,PF-C,32,TOT,20,9.5,1.1,3.0,35.6,0.5,1.3,34.6,0.6,1.7,36.4,43.2,0.7,0.8,87.5,0.8,1.8,2.6,0.7,0.2,0.4,0.7,1.5,3.3
Zhaire Smith,SG,19,PHI,6,18.5,2.3,5.7,41.2,1.0,2.7,37.5,1.3,3.0,44.4,50.0,1.0,1.3,75.0,0.5,1.7,2.2,1.7,0.3,0.3,1.0,1.3,6.7
Tony Snell,SF,27,MIL,74,17.6,2.2,4.9,45.2,1.1,2.8,39.7,1.1,2.1,52.2,56.4,0.5,0.6,88.1,0.4,1.7,2.1,0.9,0.4,0.2,0.3,1.2,6.0
Ray Spalding,PF,21,TOT,14,10.6,1.8,3.4,53.2,0.0,0.2,0.0,1.8,3.1,56.8,53.2,0.3,0.9,33.3,1.1,2.4,3.4,0.4,0.6,0.6,0.6,1.6,3.9
Omari Spellman,PF,21,ATL,46,17.5,2.1,5.3,40.2,1.0,2.8,34.4,1.2,2.5,46.6,49.2,0.7,1.0,71.1,1.6,2.7,4.2,1.0,0.6,0.5,0.7,1.5,5.9
Nik Stauskas,SG,25,TOT,68,14.9,2.0,5.0,40.2,1.0,2.8,37.2,1.0,2.2,44.0,50.6,0.8,0.9,89.1,0.3,1.6,1.9,1.2,0.3,0.1,0.8,0.7,5.9
D.J. Stephens,SG,28,MEM,1,7.0,1.0,2.0,50.0,0.0,0.0,,1.0,2.0,50.0,50.0,0.0,0.0,,0.0,0.0,0.0,0.0,1.0,0.0,1.0,0.0,2.0
Lance Stephenson,SG,28,LAL,68,16.5,2.7,6.4,42.6,1.1,2.9,37.1,1.6,3.5,47.2,51.0,0.7,1.1,68.5,0.5,2.7,3.2,2.1,0.6,0.1,1.3,1.6,7.2
Edmond Sumner,PG,23,IND,23,9.1,1.0,2.8,34.4,0.3,1.2,25.9,0.7,1.6,40.5,39.8,0.7,1.0,62.5,0.4,0.7,1.0,0.4,0.5,0.2,0.4,1.1,2.9
Caleb Swanigan,PF,21,TOT,21,8.5,0.9,2.5,34.0,0.0,0.3,14.3,0.8,2.2,37.0,34.9,0.3,0.4,66.7,0.8,2.2,3.0,0.5,0.3,0.0,0.9,1.3,2.0
Jayson Tatum,SF,20,BOS,79,31.1,5.9,13.1,45.0,1.5,3.9,37.3,4.4,9.2,48.3,50.6,2.5,2.9,85.5,0.9,5.2,6.0,2.1,1.1,0.7,1.5,2.1,15.7
Jeff Teague,PG,30,MIN,42,30.1,4.2,9.9,42.3,0.8,2.5,33.3,3.4,7.4,45.3,46.5,2.9,3.6,80.4,0.4,2.1,2.5,8.2,1.0,0.4,2.3,2.1,12.1
Garrett Temple,SG,32,TOT,75,27.2,2.8,6.6,42.2,1.2,3.5,34.1,1.6,3.1,51.5,51.3,1.1,1.4,74.8,0.4,2.5,2.9,1.4,1.0,0.4,0.9,2.7,7.8
Miloš Teodosić,PG,31,LAC,15,10.0,1.1,2.7,42.5,0.7,1.8,37.0,0.5,0.9,53.8,55.0,0.3,0.5,57.1,0.2,0.9,1.1,2.1,0.2,0.1,1.4,1.8,3.2
Jared Terrell,SG,23,MIN,14,7.9,0.9,2.8,30.8,0.3,1.2,23.5,0.6,1.6,36.4,35.9,0.2,0.4,50.0,0.1,0.4,0.4,0.9,0.2,0.1,0.7,1.1,2.2
Emanuel Terry,PF,22,TOT,3,7.7,1.3,2.3,57.1,0.0,0.0,,1.3,2.3,57.1,57.1,0.7,1.3,50.0,1.0,1.3,2.3,0.7,1.0,0.0,0.7,1.3,3.3
Daniel Theis,C,26,BOS,66,13.8,2.2,4.0,54.9,0.4,1.0,38.8,1.8,3.0,60.3,59.8,0.8,1.2,73.7,1.3,2.1,3.4,1.0,0.3,0.6,0.5,2.4,5.7
Isaiah Thomas,SG,29,DEN,12,15.1,2.8,8.3,34.3,1.0,3.6,27.9,1.8,4.7,39.3,40.4,1.4,2.3,63.0,0.4,0.7,1.1,1.9,0.4,0.1,1.5,1.4,8.1
Khyri Thomas,SG,22,DET,26,7.5,0.8,2.7,31.9,0.4,1.3,28.6,0.5,1.3,35.3,39.1,0.3,0.4,63.6,0.2,0.6,0.8,0.3,0.3,0.2,0.2,0.8,2.3
Lance Thomas,PF,30,NYK,46,17.0,1.7,4.3,39.6,0.5,1.7,27.8,1.2,2.6,47.5,45.2,0.6,0.8,75.0,0.5,2.1,2.5,0.6,0.4,0.2,0.5,1.8,4.5
Klay Thompson,SG,28,GSW,78,34.0,8.4,18.0,46.7,3.1,7.7,40.2,5.3,10.3,51.6,55.3,1.7,2.0,81.6,0.5,3.4,3.8,2.4,1.1,0.6,1.5,2.0,21.5
Tristan Thompson,C,27,CLE,43,27.9,4.7,8.8,52.9,0.0,0.0,,4.7,8.8,52.9,52.9,1.6,2.5,64.2,4.0,6.2,10.2,2.0,0.7,0.4,1.4,2.1,10.9
Sindarius Thornwell,SG,24,LAC,64,4.9,0.3,0.8,34.7,0.0,0.2,20.0,0.2,0.5,41.2,37.8,0.4,0.5,73.5,0.1,0.6,0.7,0.3,0.2,0.1,0.3,0.6,1.0
Anthony Tolliver,PF,33,MIN,65,16.6,1.5,4.0,38.2,1.2,3.3,37.7,0.3,0.7,40.9,53.9,0.7,0.9,78.3,0.2,2.5,2.7,0.7,0.3,0.3,0.6,1.4,5.0
Karl-Anthony Towns,C,23,MIN,77,33.1,8.8,17.1,51.8,1.8,4.6,40.0,7.0,12.5,56.2,57.2,4.9,5.8,83.6,3.4,9.0,12.4,3.4,0.9,1.6,3.1,3.8,24.4
Gary Trent Jr.,SG,20,POR,15,7.4,1.1,3.3,32.0,0.3,1.4,23.8,0.7,1.9,37.9,37.0,0.2,0.5,42.9,0.1,0.7,0.7,0.3,0.1,0.1,0.3,0.3,2.7
Allonzo Trier,SG,23,NYK,64,22.8,3.6,8.1,44.8,0.8,2.1,39.4,2.8,6.0,46.6,49.8,2.8,3.5,80.3,0.5,2.6,3.1,1.9,0.4,0.2,1.8,1.8,10.9
P.J. Tucker,PF,33,HOU,82,34.2,2.5,6.4,39.6,1.8,4.7,37.7,0.7,1.7,44.9,53.5,0.5,0.7,69.5,1.5,4.4,5.8,1.2,1.6,0.5,0.8,3.1,7.3
Evan Turner,PG,30,POR,73,22.0,2.8,6.1,46.0,0.2,0.7,21.2,2.6,5.4,49.4,47.3,1.0,1.5,70.8,0.5,4.0,4.5,3.9,0.5,0.2,1.6,1.5,6.8
Myles Turner,C,22,IND,74,28.6,5.1,10.5,48.7,1.0,2.6,38.8,4.1,7.9,52.1,53.6,2.0,2.7,73.6,1.4,5.8,7.2,1.6,0.8,2.7,1.4,2.6,13.3
Ekpe Udoh,C,31,UTA,51,6.3,1.0,1.4,69.4,0.0,0.0,,1.0,1.4,69.4,69.4,0.4,0.6,63.3,0.5,1.2,1.8,0.5,0.2,0.6,0.3,0.7,2.3
Tyler Ulis,PG,23,CHI,1,1.0,0.0,0.0,,0.0,0.0,,0.0,0.0,,,0.0,0.0,,0.0,0.0,0.0,0.0,0.0,0.0,0.0,0.0,0.0
Jonas Valančiūnas,C,26,TOT,49,22.3,6.1,11.0,55.9,0.3,1.0,29.2,5.9,10.0,58.6,57.2,3.0,3.8,79.5,2.2,6.4,8.6,1.4,0.4,1.1,1.8,3.0,15.6
Jarred Vanderbilt,PF,19,DEN,17,4.1,0.5,1.1,47.4,0.0,0.1,0.0,0.5,1.1,50.0,47.4,0.4,0.6,60.0,0.4,0.9,1.4,0.2,0.4,0.1,0.5,0.5,1.4
Fred VanVleet,PG,24,TOR,64,27.5,3.8,9.4,41.0,1.8,4.6,37.8,2.1,4.8,44.1,50.3,1.5,1.8,84.3,0.3,2.3,2.6,4.8,0.9,0.3,1.3,1.7,11.0
Noah Vonleh,PF,23,NYK,68,25.3,3.0,6.5,47.0,0.7,2.0,33.6,2.4,4.5,53.1,52.3,1.6,2.3,71.2,1.7,6.1,7.8,1.9,0.7,0.8,1.3,2.6,8.4
Nikola Vučević,C,28,ORL,80,31.4,8.8,16.9,51.8,1.1,2.9,36.4,7.7,14.0,54.9,54.9,2.2,2.8,78.9,2.8,9.2,12.0,3.8,1.0,1.1,2.0,2.0,20.8
Dwyane Wade,SG,37,MIA,72,26.2,5.8,13.3,43.3,1.2,3.6,33.0,4.6,9.7,47.2,47.8,2.3,3.2,70.8,1.0,3.0,4.0,4.2,0.8,0.5,2.3,1.6,15.0
Moritz Wagner,C,21,LAL,43,10.4,1.7,4.0,41.5,0.5,1.8,28.6,1.1,2.2,52.1,48.0,1.0,1.2,81.1,0.4,1.6,2.0,0.6,0.3,0.3,0.9,1.3,4.8
Dion Waiters,SG,27,MIA,44,25.9,4.5,10.9,41.4,2.5,6.6,37.7,2.0,4.3,47.1,52.8,0.5,1.0,50.0,0.2,2.5,2.6,2.8,0.7,0.2,1.5,1.6,12.0
Kemba Walker,PG,28,CHO,82,34.9,8.9,20.5,43.4,3.2,8.9,35.6,5.7,11.6,49.4,51.1,4.6,5.5,84.4,0.6,3.8,4.4,5.9,1.2,0.4,2.6,1.6,25.6
Lonnie Walker IV,SG,20,SAS,17,6.9,0.9,2.7,34.8,0.3,0.8,38.5,0.6,1.9,33.3,40.2,0.5,0.6,80.0,0.0,1.0,1.0,0.5,0.4,0.2,0.2,0.4,2.6
John Wall,PG,28,WAS,32,34.5,7.7,17.3,44.4,1.6,5.3,30.2,6.1,12.0,50.7,49.0,3.8,5.5,69.7,0.5,3.2,3.6,8.7,1.5,0.9,3.8,2.2,20.7
Tyrone Wallace,PG,24,LAC,62,10.1,1.5,3.5,42.4,0.1,0.3,21.1,1.4,3.2,44.4,43.3,0.5,0.9,52.6,0.3,1.3,1.6,0.7,0.3,0.1,0.6,1.3,3.5
Brad Wanamaker,PG,29,BOS,36,9.5,1.4,2.9,47.6,0.4,1.1,41.0,0.9,1.8,51.5,55.2,0.7,0.8,85.7,0.1,1.1,1.1,1.6,0.3,0.1,0.5,0.9,3.9
T.J. Warren,SF,25,PHO,43,31.6,6.9,14.2,48.6,1.8,4.2,42.8,5.1,10.0,51.0,54.9,2.3,2.9,81.5,0.7,3.3,4.0,1.5,1.2,0.7,1.2,2.8,18.0
Julian Washburn,SF,27,MEM,18,14.1,0.9,2.7,33.3,0.3,1.3,20.8,0.6,1.3,45.8,38.5,0.2,0.2,75.0,0.4,1.8,2.3,0.8,0.7,0.1,0.4,0.9,2.2
Yuta Watanabe,SF,24,MEM,15,11.6,1.0,3.4,29.4,0.1,1.1,12.5,0.9,2.3,37.1,31.4,0.5,0.7,70.0,0.3,1.8,2.1,0.5,0.3,0.1,0.4,0.7,2.6
Thomas Welsh,C,22,DEN,11,3.3,0.6,1.2,53.8,0.3,0.6,42.9,0.4,0.5,66.7,65.4,0.1,0.2,50.0,0.0,0.4,0.4,0.5,0.0,0.0,0.1,0.3,1.6
Russell Westbrook,PG,30,OKC,73,36.0,8.6,20.2,42.8,1.6,5.6,29.0,7.0,14.5,48.1,46.8,4.1,6.2,65.6,1.5,9.6,11.1,10.7,1.9,0.5,4.5,3.4,22.9
Derrick White,PG,24,SAS,67,25.8,3.9,8.1,47.9,0.7,2.1,33.8,3.2,6.0,52.9,52.3,1.4,1.8,77.2,0.5,3.2,3.7,3.9,1.0,0.7,1.4,2.2,9.9
Okaro White,PF,26,WAS,3,2.0,0.0,0.7,0.0,0.0,0.7,0.0,0.0,0.0,,0.0,0.0,0.0,,0.3,0.3,0.7,0.0,0.0,0.0,0.0,0.0,0.0
Hassan Whiteside,C,29,MIA,72,23.3,5.4,9.4,57.1,0.0,0.2,12.5,5.4,9.2,58.1,57.2,1.5,3.4,44.9,3.6,7.8,11.3,0.8,0.6,1.9,1.3,2.7,12.3
Andrew Wiggins,SF,23,MIN,73,34.8,6.8,16.6,41.2,1.6,4.8,33.9,5.2,11.8,44.1,46.1,2.8,4.1,69.9,1.1,3.7,4.8,2.5,1.0,0.7,1.9,2.1,18.1
Alan Williams,PF,26,BRK,5,5.2,1.6,2.6,61.5,0.0,0.2,0.0,1.6,2.4,66.7,61.5,0.4,0.8,50.0,0.8,3.0,3.8,0.6,0.2,0.0,0.2,0.4,3.6
C.J. Williams,SG,28,MIN,15,8.5,1.1,2.3,48.6,0.3,1.1,31.3,0.8,1.3,63.2,55.7,0.0,0.1,0.0,0.1,0.5,0.5,0.8,0.4,0.0,0.3,1.1,2.6
Johnathan Williams,C,23,LAL,24,15.5,2.7,4.6,59.1,0.0,0.1,0.0,2.7,4.5,60.2,59.1,1.1,2.0,56.3,2.0,2.1,4.1,0.5,0.3,0.3,0.7,2.6,6.5
Kenrich Williams,SF,24,NOP,46,23.5,2.3,6.1,38.4,1.1,3.4,33.3,1.2,2.7,44.7,47.7,0.3,0.4,68.4,1.2,3.6,4.8,1.8,1.0,0.4,0.8,2.1,6.1
Lou Williams,SG,32,LAC,75,26.6,6.5,15.2,42.5,1.4,3.9,36.1,5.1,11.3,44.7,47.1,5.7,6.5,87.6,0.5,2.4,3.0,5.4,0.8,0.1,2.4,1.1,20.0
Marvin Williams,PF,32,CHO,75,28.4,3.7,8.7,42.2,1.9,5.1,36.6,1.8,3.6,50.0,52.9,0.9,1.1,76.7,1.0,4.4,5.4,1.2,0.9,0.8,0.6,2.1,10.1
Robert Williams,C,21,BOS,32,8.8,1.1,1.6,70.6,0.0,0.0,,1.1,1.6,70.6,70.6,0.3,0.5,60.0,0.8,1.7,2.5,0.2,0.3,1.3,0.3,1.1,2.5
Troy Williams,SF,24,SAC,21,14.9,2.1,4.7,44.9,0.7,2.1,31.8,1.4,2.6,55.6,52.0,0.4,0.7,60.0,0.6,2.2,2.8,0.5,0.5,0.4,0.4,1.8,5.3
D.J. Wilson,PF,22,MIL,48,18.4,2.2,5.2,41.4,1.0,2.6,36.2,1.2,2.6,46.8,50.6,0.5,1.0,55.3,0.9,3.7,4.6,1.1,0.4,0.4,0.7,1.8,5.8
Justise Winslow,SF,22,MIA,66,29.7,4.9,11.3,43.3,1.5,3.9,37.5,3.5,7.5,46.2,49.7,1.3,2.1,62.8,1.0,4.4,5.4,4.3,1.1,0.3,2.2,2.7,12.6
Christian Wood,PF,23,TOT,21,12.0,2.9,5.6,52.1,0.4,1.2,34.6,2.5,4.3,57.1,56.0,2.0,2.7,73.2,0.8,3.1,4.0,0.4,0.3,0.5,0.8,0.8,8.2
Delon Wright,PG,26,TOT,75,22.7,3.2,7.4,43.4,0.7,2.2,29.8,2.6,5.2,49.2,47.8,1.6,2.0,79.3,0.9,2.6,3.5,3.3,1.2,0.4,1.0,1.4,8.7
Guerschon Yabusele,PF,23,BOS,41,6.1,0.9,1.9,45.5,0.2,0.7,32.1,0.6,1.2,53.1,51.3,0.4,0.5,68.2,0.6,0.7,1.3,0.4,0.2,0.2,0.4,0.8,2.3
Nick Young,SG,33,DEN,4,9.3,0.8,2.3,33.3,0.8,2.0,37.5,0.0,0.3,0.0,50.0,0.0,0.0,,0.0,0.3,0.3,0.5,0.0,0.3,0.5,1.0,2.3
Thaddeus Young,PF,30,IND,81,30.7,5.5,10.4,52.7,0.6,1.8,34.9,4.8,8.6,56.4,55.7,1.1,1.7,64.4,2.4,4.1,6.5,2.5,1.5,0.4,1.5,2.4,12.6
Trae Young,PG,20,ATL,81,30.9,6.5,15.5,41.8,1.9,6.0,32.4,4.6,9.6,47.7,48.0,4.2,5.1,82.9,0.8,2.9,3.7,8.1,0.9,0.2,3.8,1.7,19.1
Cody Zeller,C,26,CHO,49,25.4,3.9,7.0,55.1,0.1,0.4,27.3,3.8,6.6,57.0,55.9,2.3,2.9,78.7,2.2,4.6,6.8,2.1,0.8,0.8,1.3,3.3,10.1
Tyler Zeller,C,29,TOT,6,15.5,2.7,5.0,53.3,0.0,0.2,0.0,2.7,4.8,55.2,53.3,2.3,3.0,77.8,1.8,2.2,4.0,0.7,0.2,0.5,0.7,3.3,7.7
Ante Žižić,C,22,CLE,59,18.3,3.1,5.6,55.3,0.0,0.0,,3.1,5.6,55.3,55.3,1.6,2.2,70.5,1.8,3.6,5.4,0.9,0.2,0.4,1.0,1.9,7.8
Ivica Zubac,C,21,TOT,59,17.6,3.6,6.4,55.9,0.0,0.0,,3.6,6.4,55.9,55.9,1.7,2.1,80.2,1.9,4.2,6.1,1.1,0.2,0.9,1.2,2.3,8.9
