,g,date,age,tm,,opp,gs,mp,fg,fga,fg%,3p,3pa,3p%,ft,fta,ft%,orb,drb,trb,ast,stl,blk,tov,pf,pts,gmsc,+/-
0,1,2004-11-03,19-271,UTA,W (+26),LAL,0,2:27,0,3,.000,0,0,,0,0,,0,0,0,0,0,0,0,0,0,-2.1,+2
1,2,2004-11-05,19-273,UTA,W (+22),GSW,0,2:12,0,0,,0,0,,0,0,,0,0,0,0,0,0,0,1,0,-0.4,-1
2,3,2004-11-06,19-274,UTA,W (+24),DEN,0,2:57,0,0,,0,0,,0,0,,0,0,0,0,0,0,0,0,0,0.0,-8
3,,2004-11-08,19-276,UTA,W (+11),DEN,Did Not Play,,,,,,,,,,,,,,,,,,,,,
4,4,2004-11-10,19-278,UTA,L (-9),TOR,0,0:32,0,0,,0,0,,1,2,.500,0,0,0,0,0,0,0,0,1,0.6,+1
5,,2004-11-13,19-281,UTA,W (+15),DET,Did Not Play,,,,,,,,,,,,,,,,,,,,,
6,5,2004-11-30,19-298,UTA,L (-13),PHO,0,25:55,6,10,.600,0,0,,1,3,.333,2,2,4,1,1,1,3,2,13,8.2,-8
7,6,2004-12-01,19-299,UTA,L (-10),SEA,0,17:36,3,5,.600,0,0,,0,0,,2,3,5,3,0,1,0,3,6,7.6,+6
8,7,2004-12-04,19-302,UTA,L (-23),DAL,0,18:11,2,6,.333,0,1,.000,1,2,.500,1,3,4,0,1,0,2,3,5,0.6,-11
9,8,2004-12-06,19-304,UTA,L (-20),MIA,0,25:49,3,7,.429,1,1,1.000,1,2,.500,3,5,8,2,1,0,2,2,8,7.1,-8
10,9,2004-12-08,19-306,UTA,L (-6),ORL,0,18:10,2,5,.400,0,0,,3,4,.750,3,1,4,1,1,0,2,1,7,5.6,+3
11,10,2004-12-10,19-308,UTA,W (+5),POR,0,22:53,4,8,.500,1,1,1.000,0,0,,0,4,4,1,0,1,3,2,9,3.8,+1
12,11,2004-12-12,19-310,UTA,L (-10),POR,0,10:15,1,4,.250,0,0,,0,0,,2,1,3,0,0,0,2,1,2,-1.1,-7
13,12,2004-12-14,19-312,UTA,W (+2),LAC,0,11:19,0,2,.000,0,0,,0,0,,0,3,3,0,0,0,2,1,0,-2.9,+7
14,13,2004-12-15,19-313,UTA,L (-22),PHO,0,15:52,3,7,.429,0,1,.000,0,2,.000,4,4,8,0,0,1,0,3,6,5.0,-10
15,14,2004-12-17,19-315,UTA,L (-8),BOS,0,2:37,0,0,,0,0,,0,0,,0,0,0,0,0,0,0,0,0,0.0,-5
16,15,2004-12-19,19-317,UTA,L (-1),NYK,0,5:00,0,1,.000,0,0,,0,0,,0,0,0,0,0,0,0,0,0,-0.7,-6
17,,2004-12-20,19-318,UTA,W (+2),PHI,Did Not Play,,,,,,,,,,,,,,,,,,,,,
18,,2004-12-22,19-320,UTA,L (-12),TOR,Did Not Play,,,,,,,,,,,,,,,,,,,,,
19,16,2004-12-27,19-325,UTA,L (-10),SEA,0,2:36,0,1,.000,0,0,,0,0,,0,0,0,0,0,0,0,0,0,-0.7,-3
20,,,,,,,,,,,,,,,,,,,,,,,,,,,,
21,17,2004-12-29,19-327,UTA,L (-11),LAC,0,10:41,0,1,.000,0,0,,0,0,,0,2,2,0,0,0,0,1,0,-0.5,-9
22,18,2004-12-31,19-329,UTA,L (-7),SAC,0,0:13,0,1,.000,0,1,.000,0,0,,0,0,0,0,0,0,0,1,0,-1.1,-3
23,19,2005-01-02,19-331,UTA,L (-19),HOU,0,8:25,0,2,.000,0,0,,2,2,1.000,0,1,1,0,0,0,0,1,2,0.5,-1
24,20,2005-01-03,19-332,UTA,L (-10),MEM,0,12:05,2,4,.500,0,0,,0,0,,1,0,1,1,0,2,2,3,4,1.6,-1
25,21,2005-01-05,19-334,UTA,L (-7),PHI,0,23:09,3,7,.429,0,0,,2,6,.333,1,4,5,3,0,0,0,4,8,5.1,+8
26,22,2005-01-07,19-336,UTA,L (-6),CHI,0,10:06,1,4,.250,0,0,,0,2,.000,0,1,1,0,1,1,0,3,2,-0.4,+2
27,23,2005-01-08,19-337,UTA,L (-3),MIL,0,7:57,0,3,.000,0,0,,2,2,1.000,1,1,2,0,0,0,0,2,2,0.1,-4
28,24,2005-01-10,19-339,UTA,W (+1),SAS,0,12:25,1,3,.333,0,0,,0,0,,2,1,3,0,0,0,0,0,2,2.0,+4
29,25,2005-01-12,19-341,UTA,W (+7),PHO,0,7:26,1,4,.250,0,0,,0,0,,1,0,1,0,1,0,1,0,2,0.3,0
30,26,2005-01-13,19-342,UTA,L (-14),SAC,0,4:52,1,2,.500,0,0,,0,1,.000,1,0,1,0,0,0,0,2,2,0.5,-7
31,27,2005-01-15,19-344,UTA,L (-13),CLE,0,0:55,0,1,.000,0,0,,0,0,,0,0,0,0,0,0,0,0,0,-0.7,-4
32,,2005-01-17,19-346,UTA,W (+8),LAL,Did Not Play,,,,,,,,,,,,,,,,,,,,,
33,28,2005-01-22,19-351,UTA,L (-16),MEM,0,4:26,1,2,.500,0,0,,1,2,.500,0,0,0,0,0,0,0,1,3,1.2,+1
34,29,2005-01-23,19-352,UTA,L (-17),SEA,0,3:09,0,0,,0,0,,0,0,,0,1,1,0,0,0,0,1,0,-0.1,-1
35,,2005-01-26,19-355,UTA,W (+9),SEA,Did Not Play,,,,,,,,,,,,,,,,,,,,,
36,30,2005-01-28,19-357,UTA,L (-2),MIN,0,1:33,0,0,,0,0,,0,0,,0,0,0,0,0,0,0,0,0,0.0,-3
37,31,2005-01-29,19-358,UTA,L (-17),NJN,0,13:33,2,4,.500,0,0,,0,0,,1,2,3,2,1,0,1,0,4,4.7,+7
38,32,2005-02-01,19-361,UTA,L (-4),CHA,0,6:28,2,3,.667,0,0,,0,0,,1,1,2,0,0,0,1,2,4,1.9,-1
39,33,2005-02-05,19-365,UTA,W (+16),NOH,0,5:11,0,1,.000,0,0,,0,0,,0,0,0,0,0,0,1,0,0,-1.7,-4
40,34,2005-02-07,20-001,UTA,L (-3),NYK,0,3:27,1,2,.500,0,0,,0,1,.000,0,0,0,0,0,0,1,0,2,-0.4,+2
41,,,,,,,,,,,,,,,,,,,,,,,,,,,,
42,35,2005-02-08,20-002,UTA,L (-10),DEN,0,0:59,0,0,,0,0,,0,0,,0,0,0,1,0,0,0,0,0,0.7,+1
43,,2005-02-11,20-005,UTA,W (+18),MIN,Did Not Play,,,,,,,,,,,,,,,,,,,,,
44,36,2005-02-14,20-008,UTA,L (-8),PHO,0,12:00,2,4,.500,0,0,,1,2,.500,1,1,2,1,0,0,0,3,5,3.1,-17
45,37,2005-02-15,20-009,UTA,L (-7),LAL,1,14:03,0,3,.000,0,0,,0,0,,1,0,1,0,0,0,0,0,0,-1.4,-3
46,38,2005-02-23,20-017,UTA,L (-18),DAL,0,1:20,1,1,1.000,0,0,,0,0,,0,1,1,0,0,0,0,0,2,2.0,-1
47,39,2005-02-25,20-019,UTA,L (-7),BOS,0,15:34,2,3,.667,0,0,,1,2,.500,0,3,3,0,1,1,0,2,5,5.1,-7
48,40,2005-02-27,20-021,UTA,W (+7),HOU,0,18:39,2,8,.250,0,0,,0,2,.000,6,0,6,3,0,0,2,4,4,1.1,+7
49,41,2005-02-28,20-022,UTA,W (+1),LAC,0,22:48,4,11,.364,0,0,,0,0,,5,7,12,1,0,1,1,4,8,6.3,-12
50,42,2005-03-02,20-024,UTA,W (+22),ATL,0,21:10,1,3,.333,0,0,,3,8,.375,1,2,3,1,1,2,1,2,5,3.9,+9
51,43,2005-03-04,20-026,UTA,L (-7),NOH,0,12:29,1,6,.167,0,0,,0,0,,1,3,4,0,0,0,0,2,2,-1.0,-9
52,44,2005-03-06,20-028,UTA,L (-7),SAS,0,13:21,2,5,.400,0,0,,0,2,.000,0,4,4,0,0,2,0,0,4,3.1,-1
53,45,2005-03-08,20-030,UTA,L (-6),IND,0,11:31,1,1,1.000,0,0,,1,2,.500,0,2,2,1,0,1,0,1,3,3.9,-2
54,46,2005-03-11,20-033,UTA,L (-12),MEM,0,12:55,0,4,.000,0,0,,0,0,,1,2,3,2,2,0,2,1,0,-0.5,+6
55,47,2005-03-13,20-035,UTA,L (-2),DET,0,11:40,2,4,.500,0,0,,0,2,.000,1,3,4,1,0,0,1,1,4,2.1,-1
56,48,2005-03-15,20-037,UTA,L (-19),CLE,0,23:03,3,7,.429,0,0,,4,8,.500,2,4,6,0,1,1,0,1,10,8.6,-8
57,49,2005-03-16,20-038,UTA,L (-19),IND,0,15:50,1,5,.200,0,0,,1,2,.500,1,4,5,1,0,0,0,2,3,1.3,-7
58,50,2005-03-18,20-040,UTA,L (-14),NJN,1,16:13,2,4,.500,0,0,,0,0,,3,2,5,2,0,0,2,2,4,3.3,-7
59,51,2005-03-19,20-041,UTA,L (-1),WAS,1,11:11,1,4,.250,0,0,,0,0,,1,1,2,0,2,0,1,0,2,1.6,-9
60,52,2005-03-22,20-044,UTA,W (+8),LAL,0,3:29,1,2,.500,0,0,,0,0,,0,0,0,0,0,0,1,0,2,0.0,-2
61,53,2005-03-24,20-046,UTA,L (-1),WAS,0,9:13,1,4,.250,0,0,,2,4,.500,0,0,0,0,0,1,1,2,4,-0.3,-7
62,,,,,,,,,,,,,,,,,,,,,,,,,,,,
63,54,2005-03-26,20-048,UTA,W (+5),MIL,1,28:02,7,9,.778,0,0,,3,7,.429,2,2,4,1,1,0,2,3,17,12.4,0
64,55,2005-03-28,20-050,UTA,L (-14),HOU,0,17:35,3,6,.500,0,0,,0,2,.000,1,3,4,1,1,0,3,1,6,2.1,+1
65,56,2005-03-30,20-052,UTA,L (-11),DEN,0,13:17,2,4,.500,0,1,.000,1,2,.500,1,4,5,1,0,0,1,2,5,3.4,+5
66,57,2005-04-01,20-054,UTA,L (-17),GSW,0,17:27,4,5,.800,0,0,,0,0,,1,3,4,0,0,0,2,2,8,4.9,-5
67,58,2005-04-05,20-058,UTA,W (+11),POR,0,20:25,4,7,.571,0,0,,3,3,1.000,2,1,3,3,1,1,0,1,11,12.8,+6
68,59,2005-04-06,20-059,UTA,L (-25),MIN,0,23:03,4,9,.444,0,0,,0,1,.000,2,3,5,1,2,0,0,0,8,7.9,-2
69,60,2005-04-08,20-061,UTA,W (+11),NOH,0,16:35,1,2,.500,0,0,,0,2,.000,0,3,3,2,1,0,1,3,2,1.3,+2
70,61,2005-04-09,20-062,UTA,L (-7),DAL,0,29:04,5,10,.500,0,0,,5,8,.625,4,5,9,1,1,1,1,5,15,12.5,+3
71,62,2005-04-12,20-065,UTA,L (-9),LAC,0,21:54,2,7,.286,0,0,,2,2,1.000,1,2,3,3,2,0,0,1,6,6.9,-10
72,63,2005-04-13,20-066,UTA,W (+2),SAS,0,16:34,3,7,.429,0,0,,0,0,,2,3,5,0,0,0,2,2,6,1.8,0
73,64,2005-04-15,20-068,UTA,L (-16),MIN,0,15:08,3,7,.429,0,0,,0,0,,0,0,0,1,0,0,1,4,6,0.4,-9
74,65,2005-04-17,20-070,UTA,L (-18),POR,0,28:24,3,8,.375,0,0,,1,1,1.000,1,3,4,1,1,0,1,2,7,4.1,-10
75,66,2005-04-18,20-071,UTA,W (+10),SAC,0,24:43,4,12,.333,0,0,,0,4,.000,2,5,7,0,1,0,1,1,8,2.1,-1
76,67,2005-04-20,20-073,UTA,L (-17),GSW,0,29:02,5,12,.417,0,0,,2,4,.500,4,8,12,0,0,0,2,2,12,7.2,-18
0,1,2005-11-02,20-269,UTA,W (+11),DAL,0,5:36,1,2,.500,0,0,,2,4,.500,1,1,2,0,1,0,2,2,4,1.4,-2
1,2,2005-11-04,20-271,UTA,W (+6),GSW,0,7:45,0,4,.000,0,0,,2,2,1.000,2,2,4,0,0,0,0,4,2,-0.4,+5
2,3,2005-11-05,20-272,UTA,L (-9),PHO,0,11:58,4,5,.800,0,0,,0,0,,3,2,5,0,0,0,1,0,8,7.8,+3
3,4,2005-11-07,20-274,UTA,W (+4),CHA,0,2:16,0,0,,0,0,,0,2,.000,0,1,1,0,0,0,0,0,0,-0.5,-3
4,5,2005-11-09,20-276,UTA,L (-8),NJN,0,26:56,5,11,.455,0,0,,1,1,1.000,2,7,9,3,1,0,1,3,11,9.7,+9
5,6,2005-11-11,20-278,UTA,W (+15),TOR,0,8:26,3,4,.750,0,0,,0,0,,0,3,3,1,0,0,1,3,6,3.8,+7
6,7,2005-11-12,20-279,UTA,L (-5),CHI,0,9:18,0,2,.000,0,0,,0,2,.000,0,3,3,0,0,0,0,1,0,-1.7,-15
7,8,2005-11-14,20-281,UTA,L (-11),NYK,0,14:19,1,4,.250,0,0,,0,0,,0,1,1,0,0,1,0,4,2,-1.0,+2
8,9,2005-11-15,20-282,UTA,L (-36),SAC,0,28:13,1,6,.167,0,0,,2,3,.667,0,1,1,1,2,0,1,2,4,1.0,-4
9,10,2005-11-18,20-285,UTA,L (-8),PHO,0,26:39,7,12,.583,0,0,,2,4,.500,4,6,10,0,1,1,0,1,16,15.5,-11
10,11,2005-11-19,20-286,UTA,L (-8),MEM,0,5:48,0,0,,0,0,,0,0,,1,0,1,0,0,0,0,0,0,0.7,+1
11,12,2005-11-21,20-288,UTA,W (+20),MIL,0,15:03,3,10,.300,0,0,,1,2,.500,5,5,10,2,0,0,0,4,7,5.6,+6
12,13,2005-11-22,20-289,UTA,W (+6),SEA,1,25:38,3,5,.600,0,1,.000,0,0,,1,2,3,2,0,0,2,3,6,3.2,0
13,14,2005-11-25,20-292,UTA,L (-4),GSW,0,12:25,2,4,.500,0,0,,0,0,,1,3,4,1,1,0,2,4,4,1.7,+5
14,15,2005-11-29,20-296,UTA,L (-24),IND,0,25:20,3,6,.500,0,0,,2,4,.500,1,6,7,1,1,3,2,2,8,7.7,-9
15,16,2005-12-01,20-298,UTA,L (-4),LAL,0,16:06,1,6,.167,0,0,,1,2,.500,3,5,8,0,1,1,0,1,3,3.7,+8
16,17,2005-12-04,20-301,UTA,W (+5),POR,0,12:28,3,4,.750,0,0,,2,2,1.000,0,3,3,1,1,0,0,0,8,9.0,+10
17,18,2005-12-05,20-302,UTA,L (-14),MIN,0,12:04,2,4,.500,0,0,,1,2,.500,2,1,3,0,0,0,1,1,5,2.9,-1
18,19,2005-12-07,20-304,UTA,W (+12),ATL,0,2:29,0,1,.000,0,0,,0,0,,0,0,0,0,0,0,0,0,0,-0.7,-7
19,20,2005-12-09,20-306,UTA,L (-16),SEA,0,14:14,1,3,.333,0,0,,1,2,.500,1,1,2,1,0,0,0,1,3,2.2,+4
20,,,,,,,,,,,,,,,,,,,,,,,,,,,,
21,21,2005-12-12,20-309,UTA,W (+14),DET,0,8:53,2,4,.500,0,0,,0,0,,0,1,1,0,0,0,0,3,4,1.1,-10
22,22,2005-12-14,20-311,UTA,W (+5),POR,0,6:04,0,2,.000,0,1,.000,0,0,,2,0,2,0,1,1,0,1,0,1.3,-5
23,23,2005-12-16,20-313,UTA,L (-10),IND,0,2:11,0,1,.000,0,0,,0,0,,0,0,0,0,0,0,0,0,0,-0.7,-5
24,24,2005-12-17,20-314,UTA,W (+8),MIL,0,6:56,1,3,.333,0,0,,0,0,,0,0,0,1,1,0,0,1,2,1.6,-7
25,25,2005-12-20,20-317,UTA,L (-25),CLE,0,29:06,4,8,.500,0,0,,0,0,,1,5,6,4,1,1,2,5,8,6.7,-14
26,26,2005-12-21,20-318,UTA,L (-12),BOS,0,5:06,0,2,.000,0,0,,0,0,,1,0,1,0,1,0,0,0,0,0.3,-10
27,27,2005-12-23,20-320,UTA,L (-8),NYK,0,4:11,1,1,1.000,0,0,,2,3,.667,0,1,1,0,0,0,1,2,4,1.8,-8
28,28,2005-12-26,20-323,UTA,W (+3),MEM,0,8:09,3,6,.500,0,0,,2,2,1.000,3,1,4,0,0,0,0,0,8,7.4,+5
29,29,2005-12-27,20-324,UTA,W (+8),HOU,0,5:57,0,1,.000,0,0,,0,0,,0,1,1,0,0,0,2,1,0,-2.8,-6
30,,2005-12-31,20-328,UTA,W (+6),PHI,Did Not Play,,,,,,,,,,,,,,,,,,,,,
31,30,2006-01-01,20-329,UTA,W (+4),LAL,0,20:58,3,9,.333,0,1,.000,2,2,1.000,0,4,4,1,1,1,0,5,8,4.5,+4
32,31,2006-01-03,20-331,UTA,W (+10),LAL,0,3:08,0,1,.000,0,0,,0,0,,0,0,0,0,0,0,0,0,0,-0.7,-4
33,32,2006-01-06,20-334,UTA,L (-22),MEM,0,8:10,1,4,.250,0,0,,0,0,,1,3,4,0,0,0,0,1,2,0.8,-13
34,,2006-01-07,20-335,UTA,W (+4),DET,Did Not Play,,,,,,,,,,,,,,,,,,,,,
35,,2006-01-09,20-337,UTA,W (+8),WAS,Did Not Play,,,,,,,,,,,,,,,,,,,,,
36,,2006-01-11,20-339,UTA,W (+8),PHI,Did Not Play,,,,,,,,,,,,,,,,,,,,,
37,,2006-01-14,20-342,UTA,L (-6),MIA,Did Not Play,,,,,,,,,,,,,,,,,,,,,
38,33,2006-01-16,20-344,UTA,L (-9),LAC,0,3:05,0,0,,0,0,,1,2,.500,1,0,1,0,0,0,1,1,1,-0.1,-6
39,,2006-01-17,20-345,UTA,W (+13),TOR,Did Not Play,,,,,,,,,,,,,,,,,,,,,
40,34,2006-01-20,20-348,UTA,L (-30),DEN,0,23:55,4,9,.444,0,0,,0,0,,4,6,10,0,0,2,0,3,8,8.1,-8
41,,,,,,,,,,,,,,,,,,,,,,,,,,,,
42,,2006-01-21,20-349,UTA,L (-18),CLE,Did Not Play,,,,,,,,,,,,,,,,,,,,,
43,35,2006-01-23,20-351,UTA,W (+11),NJN,0,7:59,0,3,.000,0,0,,0,0,,1,3,4,1,0,1,0,2,0,0.1,-8
44,36,2006-01-25,20-353,UTA,L (-19),SEA,0,21:10,2,6,.333,0,0,,1,2,.500,0,0,0,3,3,0,1,2,5,4.5,-7
45,37,2006-01-28,20-356,UTA,L (-14),DAL,0,5:52,0,2,.000,0,0,,0,0,,1,0,1,1,0,1,0,0,0,0.7,+6
46,,2006-01-30,20-358,UTA,L (-9),SAS,Did Not Play,,,,,,,,,,,,,,,,,,,,,
47,38,2006-02-01,20-360,UTA,W (+13),DEN,0,5:56,0,1,.000,0,0,,0,0,,0,2,2,0,0,0,0,0,0,-0.1,+6
48,39,2006-02-03,20-362,UTA,W (+10),SAC,0,0:07,0,0,,0,0,,0,0,,0,0,0,0,0,0,0,0,0,0.0,-2
49,40,2006-02-05,20-364,UTA,L (-18),SAC,0,4:01,2,3,.667,0,0,,0,0,,1,0,1,1,0,0,0,0,4,4.1,+2
50,41,2006-02-06,21-000,UTA,W (+2),CHI,0,12:25,0,4,.000,0,0,,4,6,.667,3,2,5,0,0,1,2,1,4,1.4,-1
51,,2006-02-10,21-004,UTA,W (+14),MIN,Did Not Play,,,,,,,,,,,,,,,,,,,,,
52,42,2006-02-11,21-005,UTA,L (-14),HOU,0,2:46,0,2,.000,0,0,,0,2,.000,0,0,0,0,0,0,0,0,0,-2.2,-1
53,43,2006-02-13,21-007,UTA,L (-6),LAL,0,5:15,0,0,,0,0,,0,0,,0,0,0,0,0,0,0,1,0,-0.4,-1
54,44,2006-02-21,21-015,UTA,L (-20),BOS,0,3:50,1,2,.500,0,0,,0,0,,0,0,0,0,0,0,0,0,2,1.0,+2
55,,2006-02-22,21-016,UTA,W (+6),NOK,Did Not Play,,,,,,,,,,,,,,,,,,,,,
56,,2006-02-25,21-019,UTA,L (-5),NOK,Did Not Play,,,,,,,,,,,,,,,,,,,,,
57,45,2006-02-27,21-021,UTA,W (+9),GSW,0,0:49,0,0,,0,0,,0,0,,0,0,0,0,0,0,0,0,0,0.0,-3
58,46,2006-03-01,21-023,UTA,L (-15),CHA,0,6:04,0,1,.000,0,0,,0,0,,0,2,2,0,0,0,0,1,0,-0.5,+2
59,,2006-03-03,21-025,UTA,W (+2),LAC,Did Not Play,,,,,,,,,,,,,,,,,,,,,
60,47,2006-03-05,21-027,UTA,L (-32),SEA,0,12:00,3,4,.750,0,0,,1,1,1.000,0,0,0,0,2,0,4,2,7,2.6,-9
61,,2006-03-06,21-028,UTA,W (+5),ORL,Did Not Play,,,,,,,,,,,,,,,,,,,,,
62,,,,,,,,,,,,,,,,,,,,,,,,,,,,
63,,2006-03-08,21-030,UTA,W (+3),MIN,Did Not Play,,,,,,,,,,,,,,,,,,,,,
64,48,2006-03-11,21-033,UTA,L (-3),DAL,0,0:19,0,0,,0,0,,0,0,,0,0,0,0,0,0,0,0,0,0.0,+2
65,49,2006-03-14,21-036,UTA,L (-38),MIA,0,14:51,3,7,.429,0,0,,0,1,.000,2,2,4,1,1,0,0,2,6,4.8,-3
66,,2006-03-15,21-037,UTA,L (-6),ORL,Did Not Play,,,,,,,,,,,,,,,,,,,,,
67,,2006-03-17,21-039,UTA,W (+10),ATL,Did Not Play,,,,,,,,,,,,,,,,,,,,,
68,,2006-03-19,21-041,UTA,L (-6),MEM,Did Not Play,,,,,,,,,,,,,,,,,,,,,
69,50,2006-03-21,21-043,UTA,W (+8),PHO,0,3:57,1,2,.500,0,0,,0,0,,1,0,1,1,0,0,0,0,2,2.4,+4
70,51,2006-03-23,21-045,UTA,L (-12),WAS,0,5:59,0,1,.000,0,0,,2,4,.500,2,2,4,0,0,0,0,0,2,2.5,+5
71,52,2006-03-25,21-047,UTA,L (-2),SAC,0,0:43,0,0,,0,0,,0,0,,1,0,1,0,0,0,0,1,0,0.3,-1
72,53,2006-03-27,21-049,UTA,W (+24),NOK,0,3:55,1,1,1.000,0,0,,0,0,,0,0,0,0,0,1,1,1,2,1.0,+2
73,,2006-03-29,21-051,UTA,W (+11),DEN,Did Not Play,,,,,,,,,,,,,,,,,,,,,
74,54,2006-03-31,21-053,UTA,L (-15),LAC,0,4:45,0,1,.000,0,1,.000,1,2,.500,0,2,2,0,0,0,0,0,1,0.5,+7
75,55,2006-04-01,21-054,UTA,W (+13),POR,1,18:32,2,4,.500,0,1,.000,0,0,,1,2,3,0,1,1,1,0,4,4.0,+3
76,56,2006-04-04,21-057,UTA,L (-9),SAS,0,3:11,0,1,.000,0,0,,0,0,,0,1,1,0,0,0,0,0,0,-0.4,+2
77,57,2006-04-07,21-060,UTA,W (+8),MIN,0,0:03,0,0,,0,0,,0,0,,0,0,0,0,0,0,0,0,0,0.0,0
78,58,2006-04-08,21-061,UTA,W (+17),POR,0,2:00,0,0,,0,0,,0,2,.000,0,0,0,0,0,0,0,2,0,-1.6,+2
79,,2006-04-10,21-063,UTA,W (+2),HOU,Did Not Play,,,,,,,,,,,,,,,,,,,,,
80,59,2006-04-12,21-065,UTA,W (+21),DEN,0,12:57,1,3,.333,0,0,,0,0,,0,4,4,1,2,0,1,2,2,2.4,+12
81,,2006-04-14,21-067,UTA,W (+1),NOK,Did Not Play,,,,,,,,,,,,,,,,,,,,,
82,60,2006-04-16,21-069,UTA,L (-16),DAL,0,17:38,1,1,1.000,0,0,,1,4,.250,0,2,2,0,0,0,1,5,3,-0.9,+1
83,,,,,,,,,,,,,,,,,,,,,,,,,,,,
84,61,2006-04-17,21-070,UTA,L (-33),SAS,0,17:45,0,7,.000,0,0,,0,0,,3,1,4,2,0,0,1,1,0,-2.5,-17
85,62,2006-04-19,21-072,UTA,W (+3),GSW,0,5:44,1,3,.333,0,0,,0,0,,0,1,1,0,0,0,0,0,2,0.6,-6
0,1,2006-11-01,21-268,TOR,L (-10),NJN,0,7:51,1,3,.333,0,0,,0,0,,0,0,0,0,0,0,0,1,2,-0.1,-6
1,2,2006-11-03,21-270,TOR,W (+17),MIL,0,3:12,1,1,1.000,0,0,,0,0,,0,1,1,0,0,0,1,0,2,1.0,-6
2,,2006-11-05,21-272,TOR,L (-9),SAS,Did Not Play,,,,,,,,,,,,,,,,,,,,,
3,3,2006-11-08,21-275,TOR,W (+2),PHI,0,13:24,3,6,.500,0,0,,0,0,,2,3,5,0,1,0,0,1,6,5.9,-1
4,4,2006-11-10,21-277,TOR,L (-9),ATL,0,10:21,1,2,.500,0,0,,0,0,,0,2,2,0,0,0,2,1,2,-0.8,+6
5,5,2006-11-12,21-279,TOR,L (-15),SAC,0,7:29,1,4,.250,0,0,,0,0,,0,2,2,0,1,0,0,1,2,0.8,+4
6,,2006-11-14,21-281,TOR,L (-11),GSW,Inactive,,,,,,,,,,,,,,,,,,,,,
7,,2006-11-17,21-284,TOR,L (-7),LAL,Inactive,,,,,,,,,,,,,,,,,,,,,
8,6,2006-11-18,21-285,TOR,L (-8),DEN,0,9:46,3,3,1.000,0,0,,0,2,.000,1,1,2,0,1,0,0,3,6,5.1,+6
9,,2006-11-20,21-287,TOR,L (-5),UTA,Inactive,,,,,,,,,,,,,,,,,,,,,
10,,2006-11-22,21-289,TOR,W (+8),CLE,Inactive,,,,,,,,,,,,,,,,,,,,,
11,,2006-11-24,21-291,TOR,L (-4),ATL,Inactive,,,,,,,,,,,,,,,,,,,,,
12,,2006-11-26,21-293,TOR,W (+9),IND,Inactive,,,,,,,,,,,,,,,,,,,,,
13,7,2006-11-28,21-295,TOR,W (+17),NOK,0,2:41,0,0,,0,0,,0,0,,0,0,0,0,0,0,0,0,0,0.0,-4
14,8,2006-11-29,21-296,TOR,L (-19),DAL,0,9:57,2,6,.333,0,0,,0,0,,2,1,3,0,0,0,0,1,4,1.9,+5
15,,2006-12-01,21-298,TOR,W (+4),BOS,Did Not Play,,,,,,,,,,,,,,,,,,,,,
16,9,2006-12-02,21-299,TOR,W (+3),NYK,0,13:47,3,3,1.000,0,0,,3,3,1.000,2,1,3,0,1,1,0,2,9,10.7,-1
17,10,2006-12-06,21-303,TOR,L (-4),CLE,0,5:14,0,3,.000,0,0,,0,0,,0,2,2,0,0,0,1,1,0,-2.9,+3
18,11,2006-12-08,21-305,TOR,L (-3),CHI,0,5:37,0,1,.000,0,0,,0,0,,0,2,2,1,0,0,1,1,0,-0.8,-3
19,12,2006-12-10,21-307,TOR,L (-10),POR,0,8:29,1,3,.333,0,0,,0,0,,1,0,1,0,0,0,0,0,2,1.0,-3
20,,,,,,,,,,,,,,,,,,,,,,,,,,,,
21,13,2006-12-11,21-308,TOR,L (-22),MIA,0,12:51,1,5,.200,0,0,,1,2,.500,3,4,7,0,0,0,0,2,3,2.0,-14
22,14,2006-12-13,21-310,TOR,W (+7),ORL,0,5:59,0,1,.000,0,0,,0,0,,0,1,1,0,0,0,0,0,0,-0.4,-7
23,,2006-12-15,21-312,TOR,W (+12),NJN,Did Not Play,,,,,,,,,,,,,,,,,,,,,
24,15,2006-12-17,21-314,TOR,W (+5),GSW,0,12:13,1,3,.333,0,0,,0,0,,2,1,3,0,0,0,1,1,2,0.6,+7
25,,2006-12-19,21-316,TOR,L (-17),PHO,Did Not Play,,,,,,,,,,,,,,,,,,,,,
26,16,2006-12-20,21-317,TOR,W (+2),LAC,1,12:43,1,4,.250,0,0,,1,2,.500,2,0,2,0,0,0,0,4,3,0.0,-6
27,17,2006-12-22,21-319,TOR,W (+1),POR,0,4:28,2,4,.500,0,0,,1,1,1.000,1,0,1,0,1,0,0,2,5,3.9,-1
28,18,2006-12-23,21-320,TOR,L (-13),SEA,0,6:53,2,2,1.000,0,0,,1,1,1.000,0,0,0,0,0,0,0,0,5,4.4,+2
29,19,2006-12-27,21-324,TOR,W (+3),MIN,0,8:52,1,1,1.000,0,0,,1,1,1.000,1,0,1,1,0,1,0,2,3,4.0,0
30,20,2006-12-29,21-326,TOR,L (-10),CHI,0,5:14,0,0,,0,0,,0,0,,0,2,2,0,0,0,1,1,0,-0.8,-3
31,21,2006-12-30,21-327,TOR,L (-6),MEM,0,11:35,2,4,.500,0,0,,0,0,,0,1,1,0,1,1,1,1,4,2.6,+10
32,,2007-01-03,21-331,TOR,L (-2),PHO,Did Not Play,,,,,,,,,,,,,,,,,,,,,
33,22,2007-01-05,21-333,TOR,W (+13),ATL,0,8:35,1,2,.500,0,0,,0,0,,0,0,0,1,0,1,0,2,2,1.6,+3
34,,2007-01-07,21-335,TOR,W (+5),WAS,Did Not Play,,,,,,,,,,,,,,,,,,,,,
35,23,2007-01-09,21-337,TOR,L (-15),NJN,0,1:50,0,0,,0,0,,0,0,,0,0,0,0,0,0,0,0,0,0.0,-1
36,24,2007-01-10,21-338,TOR,W (+13),MIL,0,4:12,0,0,,0,0,,0,0,,0,1,1,0,0,0,0,0,0,0.3,+2
37,,2007-01-12,21-340,TOR,W (+9),BOS,Did Not Play,,,,,,,,,,,,,,,,,,,,,
38,,2007-01-14,21-342,TOR,L (-1),DAL,Did Not Play,,,,,,,,,,,,,,,,,,,,,
39,25,2007-01-15,21-343,TOR,W (+18),PHI,0,7:00,1,3,.333,0,0,,2,2,1.000,0,1,1,0,1,0,0,0,4,3.6,+2
40,26,2007-01-17,21-345,TOR,W (+16),SAC,0,6:58,0,1,.000,0,0,,0,2,.000,0,0,0,0,0,0,0,0,0,-1.5,+3
41,,,,,,,,,,,,,,,,,,,,,,,,,,,,
42,,2007-01-19,21-347,TOR,L (-8),UTA,Did Not Play,,,,,,,,,,,,,,,,,,,,,
43,27,2007-01-22,21-350,TOR,W (+21),CHA,0,4:10,1,2,.500,0,0,,0,0,,0,0,0,0,0,0,0,2,2,0.2,-4
44,28,2007-01-24,21-352,TOR,W (+2),NOK,0,14:06,3,6,.500,0,0,,0,0,,3,1,4,0,0,0,0,0,6,5.4,-15
45,29,2007-01-26,21-354,TOR,W (+6),BOS,0,1:12,0,0,,0,0,,0,0,,0,0,0,0,0,0,0,1,0,-0.4,-9
46,30,2007-01-27,21-355,TOR,L (-18),IND,0,1:28,0,0,,0,0,,0,0,,0,0,0,0,0,0,0,1,0,-0.4,-4
47,,2007-01-31,21-359,TOR,W (+10),WAS,Did Not Play,,,,,,,,,,,,,,,,,,,,,
48,,2007-02-02,21-361,TOR,W (+12),ATL,Did Not Play,,,,,,,,,,,,,,,,,,,,,
49,31,2007-02-04,21-363,TOR,W (+12),LAC,0,7:03,0,0,,0,0,,0,0,,0,1,1,1,0,0,0,1,0,0.6,0
50,,2007-02-07,22-001,TOR,W (+10),ORL,Did Not Play,,,,,,,,,,,,,,,,,,,,,
51,,2007-02-09,22-003,TOR,W (+4),LAL,Did Not Play,,,,,,,,,,,,,,,,,,,,,
52,,2007-02-10,22-004,TOR,L (-6),DET,Did Not Play,,,,,,,,,,,,,,,,,,,,,
53,,2007-02-13,22-007,TOR,W (+1),CHI,Did Not Play,,,,,,,,,,,,,,,,,,,,,
54,,2007-02-14,22-008,TOR,W (+11),NJN,Did Not Play,,,,,,,,,,,,,,,,,,,,,
55,32,2007-02-21,22-015,TOR,L (-1),CLE,0,0:30,0,0,,0,0,,0,0,,0,1,1,0,0,0,0,0,0,0.3,-2
56,33,2007-02-23,22-017,TOR,W (+22),IND,0,10:24,2,3,.667,0,0,,2,2,1.000,1,1,2,0,0,0,1,1,6,4.3,+9
57,34,2007-02-24,22-018,TOR,W (+17),CHA,0,1:58,0,1,.000,0,0,,0,0,,0,1,1,0,0,0,0,2,0,-1.2,-1
58,35,2007-02-26,22-020,TOR,L (-16),SAS,0,1:28,0,0,,0,0,,0,0,,0,0,0,0,0,0,0,0,0,0.0,+1
59,36,2007-02-28,22-022,TOR,W (+16),HOU,0,21:03,7,7,1.000,0,0,,2,2,1.000,1,5,6,2,0,1,0,3,16,17.0,+16
60,37,2007-03-02,22-024,TOR,L (-13),MIL,0,8:16,1,2,.500,0,0,,0,0,,3,0,3,0,0,0,2,3,2,-0.1,-3
61,38,2007-03-03,22-025,TOR,L (-23),CLE,0,14:11,4,6,.667,0,0,,4,5,.800,3,1,4,0,0,0,1,3,12,9.2,-11
62,,,,,,,,,,,,,,,,,,,,,,,,,,,,
63,39,2007-03-06,22-028,TOR,L (-20),WAS,0,13:35,2,5,.400,0,0,,0,0,,3,2,5,2,0,1,1,4,4,3.5,+1
64,40,2007-03-07,22-029,TOR,W (+7),MEM,0,8:40,1,1,1.000,0,0,,0,0,,1,2,3,0,0,0,1,0,2,2.0,-1
65,41,2007-03-11,22-033,TOR,W (+1),SEA,0,8:25,0,0,,0,0,,0,0,,0,0,0,0,0,0,0,1,0,-0.4,-1
66,42,2007-03-12,22-034,TOR,W (+15),MIL,0,4:22,2,2,1.000,0,0,,2,3,.667,1,1,2,0,0,0,0,0,6,6.0,+2
67,43,2007-03-14,22-036,TOR,W (+10),NYK,0,5:49,1,2,.500,0,0,,1,2,.500,1,0,1,0,0,0,1,1,3,0.9,-14
68,44,2007-03-16,22-038,TOR,L (-14),HOU,0,8:46,1,3,.333,0,0,,0,0,,0,1,1,0,0,0,0,0,2,0.6,+7
69,45,2007-03-18,22-040,TOR,L (-18),NYK,0,11:45,0,3,.000,0,0,,5,6,.833,3,6,9,0,0,1,0,3,5,5.9,-8
70,46,2007-03-21,22-043,TOR,W (+7),ORL,0,16:40,2,5,.400,0,0,,2,6,.333,2,4,6,0,2,0,0,4,6,4.7,-6
71,47,2007-03-23,22-045,TOR,W (+27),DEN,0,17:03,3,6,.500,0,0,,1,1,1.000,3,3,6,1,0,2,1,3,7,6.9,0
72,48,2007-03-26,22-048,TOR,L (-8),BOS,0,6:41,0,2,.000,0,0,,0,0,,0,0,0,0,0,0,0,2,0,-2.2,-3
73,49,2007-03-28,22-050,TOR,W (+13),MIA,0,27:00,3,8,.375,0,0,,0,0,,7,3,10,0,1,1,0,5,6,7.1,-3
74,50,2007-03-30,22-052,TOR,W (+5),WAS,0,21:11,3,4,.750,0,0,,0,0,,2,5,7,0,0,0,3,3,6,3.1,0
75,51,2007-04-01,22-054,TOR,W (+13),CHA,0,23:00,4,9,.444,0,0,,5,5,1.000,4,4,8,3,1,1,3,3,13,11.9,+7
76,52,2007-04-03,22-056,TOR,L (-3),MIA,0,19:08,2,3,.667,0,0,,1,1,1.000,2,7,9,1,0,2,1,3,5,7.1,-4
77,53,2007-04-04,22-057,TOR,W (+3),ORL,0,21:28,0,2,.000,0,0,,3,4,.750,1,3,4,0,0,1,2,5,3,-0.5,-3
78,54,2007-04-06,22-059,TOR,W (+9),PHI,0,21:17,3,3,1.000,0,0,,4,7,.571,0,4,4,0,2,0,0,2,10,10.3,+13
79,55,2007-04-08,22-061,TOR,W (+14),CHI,0,17:22,1,2,.500,0,0,,2,4,.500,0,4,4,0,0,1,1,2,4,2.3,+8
80,56,2007-04-09,22-062,TOR,W (+11),MIN,0,25:26,2,3,.667,0,0,,1,3,.333,2,6,8,0,0,1,1,3,5,4.6,+8
81,57,2007-04-13,22-066,TOR,W (+3),DET,0,33:15,2,8,.250,0,0,,4,6,.667,9,9,18,1,0,3,1,2,8,12.4,0
82,58,2007-04-15,22-068,TOR,W (+2),NYK,0,24:15,5,6,.833,0,0,,2,4,.500,2,3,5,2,0,1,1,4,12,10.8,-3
83,,,,,,,,,,,,,,,,,,,,,,,,,,,,
84,59,2007-04-17,22-070,TOR,L (-16),DET,1,24:43,2,9,.222,0,0,,2,2,1.000,3,5,8,2,1,1,0,2,6,6.4,-5
85,60,2007-04-18,22-071,TOR,L (-3),PHI,0,17:20,2,7,.286,0,0,,0,0,,4,0,4,0,0,0,3,2,4,-1.1,-8
0,1,2007-10-31,22-267,TOR,W (+9),PHI,0,6:30,1,4,.250,0,0,,0,0,,2,0,2,0,0,0,2,3,2,-2.2,-1
1,2,2007-11-02,22-269,TOR,W (+37),NJN,0,6:50,1,3,.333,0,0,,0,0,,0,1,1,0,0,0,0,0,2,0.6,-2
2,,2007-11-04,22-271,TOR,L (-3),BOS,Did Not Play,,,,,,,,,,,,,,,,,,,,,
3,3,2007-11-06,22-273,TOR,L (-27),MIL,0,32:02,7,9,.778,0,0,,2,3,.667,5,4,9,2,1,2,1,3,16,18.4,-6
4,4,2007-11-07,22-274,TOR,L (-9),ORL,0,7:58,1,1,1.000,0,0,,2,2,1.000,1,0,1,0,0,0,1,1,4,3.0,-5
5,,2007-11-09,22-276,TOR,W (+2),PHI,Did Not Play,,,,,,,,,,,,,,,,,,,,,
6,5,2007-11-10,22-277,TOR,W (+30),CHI,0,15:14,1,5,.200,0,0,,2,2,1.000,0,5,5,0,0,0,3,3,4,-1.8,-4
7,6,2007-11-14,22-281,TOR,L (-4),UTA,0,27:32,2,4,.500,0,0,,0,0,,5,9,14,1,2,0,2,5,4,6.9,-6
8,7,2007-11-16,22-283,TOR,W (+9),IND,0,11:42,1,5,.200,0,0,,0,0,,0,3,3,0,0,0,0,3,2,-1.4,+10
9,8,2007-11-18,22-285,TOR,L (-6),GSW,0,1:13,0,0,,0,0,,0,0,,0,1,1,0,0,0,0,0,0,0.3,0
10,9,2007-11-20,22-287,TOR,L (-6),DAL,0,13:48,0,3,.000,0,1,.000,0,0,,1,1,2,1,1,0,0,1,0,0.2,-5
11,10,2007-11-21,22-288,TOR,W (+6),MEM,0,4:23,0,3,.000,0,0,,0,0,,0,0,0,0,0,0,0,1,0,-2.5,-1
12,11,2007-11-24,22-291,TOR,L (-3),CLE,0,6:14,1,2,.500,0,0,,2,2,1.000,1,0,1,0,0,1,0,0,4,4.4,-6
13,12,2007-11-25,22-292,TOR,W (+15),CHI,0,7:44,3,4,.750,0,0,,0,0,,1,0,1,0,1,0,2,1,6,3.7,+2
14,13,2007-11-28,22-295,TOR,W (+12),MEM,0,7:14,1,3,.333,0,0,,0,0,,1,0,1,0,0,0,0,1,2,0.6,-10
15,14,2007-11-30,22-297,TOR,W (+9),CLE,0,1:17,0,0,,0,0,,0,0,,0,0,0,0,0,0,0,0,0,0.0,-4
16,,2007-12-01,22-298,TOR,L (-4),WAS,Did Not Play,,,,,,,,,,,,,,,,,,,,,
17,15,2007-12-03,22-300,TOR,W (+19),CHA,0,20:55,5,7,.714,0,0,,7,8,.875,3,3,6,2,1,1,1,3,17,17.6,+12
18,16,2007-12-05,22-302,TOR,L (-13),PHO,0,13:36,4,6,.667,0,0,,0,0,,2,2,4,1,1,0,2,1,8,6.7,-10
19,17,2007-12-07,22-304,TOR,L (-28),BOS,0,13:06,2,4,.500,0,0,,0,0,,2,2,4,0,0,1,0,3,4,3.5,+4
20,,,,,,,,,,,,,,,,,,,,,,,,,,,,
21,18,2007-12-09,22-306,TOR,W (+13),HOU,0,23:20,6,9,.667,0,0,,4,5,.800,4,5,9,0,0,0,2,3,16,12.8,+10
22,19,2007-12-11,22-308,TOR,W (+12),ATL,0,19:34,2,7,.286,0,1,.000,1,2,.500,3,2,5,1,1,0,0,1,5,4.5,+9
23,20,2007-12-12,22-309,TOR,W (+16),DAL,0,29:21,7,10,.700,0,0,,2,5,.400,5,7,12,0,0,2,1,4,16,15.0,+15
24,21,2007-12-14,22-311,TOR,W (+11),IND,0,36:30,7,11,.636,0,0,,3,4,.750,1,4,5,1,2,0,1,3,17,14.1,+22
25,22,2007-12-16,22-313,TOR,L (-13),BOS,0,20:24,5,9,.556,0,0,,2,3,.667,3,6,9,1,0,2,1,0,12,12.3,-5
26,23,2007-12-18,22-315,TOR,W (+3),LAC,0,19:46,4,6,.667,0,0,,1,3,.333,2,2,4,0,0,0,0,2,9,6.8,-1
27,24,2007-12-19,22-316,TOR,L (-5),POR,0,26:18,6,11,.545,0,0,,1,3,.333,0,5,5,1,0,1,1,3,13,7.6,-6
28,25,2007-12-21,22-318,TOR,L (-8),SEA,0,19:41,4,9,.444,0,0,,2,2,1.000,1,2,3,1,1,2,2,1,10,7.3,-9
29,26,2007-12-22,22-319,TOR,L (-19),PHO,0,15:05,1,6,.167,0,0,,2,2,1.000,0,3,3,1,0,0,0,2,4,1.0,-5
30,27,2007-12-28,22-325,TOR,W (+10),SAS,0,25:22,6,11,.545,0,0,,2,3,.667,1,10,11,1,0,0,0,3,14,11.5,+7
31,28,2007-12-29,22-326,TOR,L (-12),HOU,0,20:07,3,9,.333,0,0,,1,4,.250,4,5,9,1,0,1,1,1,7,5.0,-4
32,29,2007-12-31,22-328,TOR,W (+5),NOH,0,17:24,2,7,.286,0,0,,1,1,1.000,1,3,4,0,1,1,1,3,5,2.0,-9
33,30,2008-01-04,22-332,TOR,L (-16),DET,0,12:30,1,4,.250,0,0,,3,6,.500,1,5,6,2,0,0,1,1,5,3.6,-9
34,31,2008-01-06,22-334,TOR,L (-3),CLE,0,4:15,0,0,,0,0,,0,4,.000,0,1,1,0,0,0,0,0,0,-1.3,-8
35,32,2008-01-09,22-337,TOR,W (+13),PHI,0,4:35,0,0,,0,0,,0,0,,0,0,0,1,0,0,2,0,0,-1.3,-2
36,33,2008-01-11,22-339,TOR,W (+9),NYK,0,22:43,3,6,.500,0,0,,3,4,.750,4,3,7,0,0,1,1,3,9,7.8,-2
37,34,2008-01-13,22-341,TOR,W (+7),POR,0,7:37,1,1,1.000,0,0,,1,2,.500,0,1,1,0,0,1,0,0,3,3.3,+5
38,35,2008-01-15,22-343,TOR,L (-14),DET,0,8:24,1,2,.500,0,0,,0,0,,3,3,6,0,0,0,2,1,2,1.6,0
39,36,2008-01-16,22-344,TOR,W (+25),SAC,0,20:42,4,8,.500,0,0,,3,4,.750,2,3,5,1,1,1,1,2,11,9.5,+11
40,37,2008-01-18,22-346,TOR,W (+11),ATL,0,9:54,2,5,.400,0,0,,0,0,,0,1,1,0,0,0,1,0,4,0.6,+2
41,,,,,,,,,,,,,,,,,,,,,,,,,,,,
42,38,2008-01-19,22-347,TOR,L (-4),PHI,0,9:13,1,3,.333,0,0,,0,0,,0,2,2,0,0,0,1,1,2,-0.5,-4
43,39,2008-01-23,22-351,TOR,W (+2),BOS,0,3:35,0,0,,0,0,,0,0,,0,1,1,0,0,0,0,0,0,0.3,+2
44,40,2008-01-25,22-353,TOR,W (+31),MIL,0,7:52,1,2,.500,0,0,,6,6,1.000,1,3,4,0,0,0,1,1,8,7.2,+4
45,41,2008-01-29,22-357,TOR,L (-4),WAS,0,24:04,8,9,.889,0,0,,0,0,,0,4,4,0,1,0,0,3,16,13.9,-3
46,42,2008-01-30,22-358,TOR,W (+39),WAS,0,14:39,0,6,.000,0,0,,3,4,.750,0,4,4,1,1,0,0,2,3,0.5,+5
47,,2008-02-01,22-360,TOR,L (-20),LAL,Did Not Play,,,,,,,,,,,,,,,,,,,,,
48,43,2008-02-04,22-363,TOR,W (+32),MIA,0,14:01,1,3,.333,0,0,,2,2,1.000,1,0,1,0,1,1,1,3,4,2.5,+8
49,,2008-02-08,23-002,TOR,L (-4),LAC,Did Not Play,,,,,,,,,,,,,,,,,,,,,
50,44,2008-02-10,23-004,TOR,W (+23),MIN,0,8:28,1,5,.200,0,0,,2,2,1.000,1,1,2,1,0,0,0,0,4,2.6,-2
51,45,2008-02-11,23-005,TOR,L (-5),SAS,0,5:56,0,0,,0,0,,0,0,,0,1,1,0,1,0,0,1,0,0.9,+6
52,46,2008-02-13,23-007,TOR,W (+18),NJN,0,9:57,2,6,.333,0,0,,0,0,,1,1,2,0,2,0,1,1,4,2.2,-9
53,47,2008-02-20,23-014,TOR,W (+17),ORL,0,7:33,1,3,.333,0,0,,0,1,.000,1,2,3,0,0,1,2,2,2,-0.9,-2
54,48,2008-02-22,23-016,TOR,L (-4),NYK,0,8:51,2,5,.400,0,0,,0,2,.000,0,4,4,1,0,0,0,1,4,2.0,+3
55,49,2008-02-24,23-018,TOR,W (+23),NYK,0,2:31,0,1,.000,0,0,,0,0,,0,0,0,0,0,0,0,0,0,-0.7,-1
56,50,2008-02-25,23-019,TOR,W (+4),IND,0,6:50,2,3,.667,0,0,,1,2,.500,0,1,1,0,0,0,0,1,5,3.2,+2
57,51,2008-02-27,23-021,TOR,W (+22),MIN,0,3:52,0,1,.000,0,0,,1,2,.500,1,0,1,1,0,0,0,0,1,1.3,+3
58,52,2008-02-29,23-023,TOR,L (-11),IND,0,2:31,0,1,.000,0,0,,0,0,,0,0,0,0,0,0,0,0,0,-0.7,+2
59,53,2008-03-02,23-025,TOR,L (-12),CHA,0,14:01,2,3,.667,0,0,,3,4,.750,1,5,6,0,0,2,1,1,7,7.5,-8
60,54,2008-03-04,23-027,TOR,L (-15),ORL,0,16:16,5,8,.625,0,0,,0,3,.000,1,3,4,0,0,0,0,3,10,5.6,-11
61,55,2008-03-05,23-028,TOR,W (+25),MIA,0,18:42,1,4,.250,0,0,,1,4,.250,1,2,3,0,1,0,0,1,3,1.3,+14
62,,,,,,,,,,,,,,,,,,,,,,,,,,,,
63,56,2008-03-07,23-030,TOR,L (-4),WAS,0,4:35,0,2,.000,0,0,,1,2,.500,0,1,1,0,0,0,0,2,1,-1.3,-7
64,57,2008-03-09,23-032,TOR,W (+8),SEA,0,14:27,6,6,1.000,0,0,,0,2,.000,4,2,6,1,1,0,0,2,12,13.7,+6
65,58,2008-03-11,23-034,TOR,L (-9),LAL,0,14:36,1,5,.200,0,0,,2,4,.500,2,5,7,1,0,0,1,1,4,2.3,-6
66,59,2008-03-12,23-035,TOR,L (-11),GSW,0,22:08,5,7,.714,0,0,,0,0,,2,2,4,0,0,0,3,3,10,4.9,+10
67,60,2008-03-14,23-037,TOR,L (-32),DEN,0,14:51,6,6,1.000,0,0,,0,0,,1,4,5,0,0,1,0,3,12,11.6,-17
68,61,2008-03-16,23-039,TOR,L (-6),SAC,0,14:17,4,9,.444,0,0,,0,0,,1,1,2,0,1,1,0,1,8,5.6,-6
69,62,2008-03-17,23-040,TOR,L (-17),UTA,0,18:46,2,6,.333,0,0,,1,2,.500,1,4,5,2,1,0,0,2,5,4.7,-12
70,63,2008-03-19,23-042,TOR,W (+42),MIA,0,7:36,2,5,.400,0,0,,0,0,,0,1,1,0,1,0,0,0,4,2.6,+3
71,64,2008-03-21,23-044,TOR,L (-7),CLE,0,9:30,1,5,.200,0,0,,0,0,,3,0,3,0,0,1,0,0,2,1.7,-11
72,,2008-03-23,23-046,TOR,L (-9),DEN,Did Not Play,,,,,,,,,,,,,,,,,,,,,
73,,2008-03-26,23-049,TOR,W (+7),DET,Did Not Play,,,,,,,,,,,,,,,,,,,,,
74,,2008-03-28,23-051,TOR,W (+8),NYK,Did Not Play,,,,,,,,,,,,,,,,,,,,,
75,65,2008-03-30,23-053,TOR,L (-7),NOH,0,15:28,5,7,.714,0,0,,0,0,,3,4,7,1,0,1,0,2,10,11.0,+9
76,66,2008-03-31,23-054,TOR,W (+4),CHA,0,12:24,0,1,.000,0,0,,0,0,,0,2,2,0,0,0,1,2,0,-1.9,+3
77,,2008-04-02,23-056,TOR,L (-7),ATL,Did Not Play,,,,,,,,,,,,,,,,,,,,,
78,,2008-04-04,23-058,TOR,L (-5),CHA,Did Not Play,,,,,,,,,,,,,,,,,,,,,
79,,2008-04-05,23-059,TOR,L (-9),NJN,Did Not Play,,,,,,,,,,,,,,,,,,,,,
80,67,2008-04-09,23-063,TOR,W (+18),MIL,0,1:12,1,1,1.000,0,0,,0,0,,0,0,0,0,0,0,0,0,2,1.7,+2
81,68,2008-04-11,23-065,TOR,W (+28),NJN,0,5:09,0,4,.000,0,0,,1,2,.500,1,3,4,0,0,1,0,0,1,0.1,+3
82,,2008-04-13,23-067,TOR,L (-7),DET,Did Not Play,,,,,,,,,,,,,,,,,,,,,
83,,,,,,,,,,,,,,,,,,,,,,,,,,,,
84,69,2008-04-14,23-068,TOR,W (+16),MIA,0,2:04,1,2,.500,0,0,,0,0,,1,0,1,0,0,0,0,0,2,1.7,0
85,70,2008-04-16,23-070,TOR,L (-10),CHI,0,28:17,5,10,.500,0,0,,4,6,.667,3,4,7,0,1,2,3,6,14,8.5,-17
0,,2008-10-29,23-266,TOR,W (+11),PHI,Did Not Play,,,,,,,,,,,,,,,,,,,,,
1,,2008-10-31,23-268,TOR,W (+4),GSW,Did Not Play,,,,,,,,,,,,,,,,,,,,,
2,1,2008-11-01,23-269,TOR,W (+4),MIL,0,3:23,0,0,,0,0,,0,0,,0,0,0,0,0,0,0,1,0,-0.4,+3
3,2,2008-11-05,23-273,TOR,L (-7),DET,0,1:04,1,1,1.000,0,0,,1,1,1.000,0,0,0,0,0,0,0,0,3,2.7,+4
4,3,2008-11-07,23-275,TOR,L (-18),ATL,0,6:21,1,4,.250,0,0,,3,3,1.000,1,0,1,0,0,0,0,0,5,3.3,+2
5,4,2008-11-09,23-277,TOR,W (+10),CHA,0,1:28,0,1,.000,0,0,,0,0,,0,0,0,0,0,0,0,1,0,-1.1,-5
6,5,2008-11-10,23-278,TOR,L (-7),BOS,0,5:36,2,3,.667,0,0,,0,0,,0,2,2,0,0,0,0,0,4,3.3,+5
7,,2008-11-12,23-280,TOR,L (-10),PHI,Did Not Dress,,,,,,,,,,,,,,,,,,,,,
8,6,2008-11-16,23-284,TOR,W (+11),MIA,0,16:00,5,6,.833,0,0,,4,5,.800,4,5,9,3,0,0,0,0,14,17.8,+9
9,7,2008-11-18,23-286,TOR,L (-13),ORL,0,11:22,1,4,.250,0,0,,0,0,,1,1,2,1,1,0,0,0,2,2.3,0
10,8,2008-11-19,23-287,TOR,W (+6),MIA,0,12:32,1,3,.333,0,0,,6,7,.857,0,2,2,0,0,0,0,3,8,5.3,-13
11,9,2008-11-21,23-289,TOR,L (-2),NJN,0,20:42,3,7,.429,0,0,,3,4,.750,1,5,6,0,0,0,1,0,9,6.1,+10
12,10,2008-11-23,23-291,TOR,L (-15),BOS,0,17:44,3,7,.429,0,0,,5,6,.833,3,2,5,0,1,0,0,2,11,9.8,-8
13,11,2008-11-26,23-294,TOR,W (+7),CHA,0,15:35,1,6,.167,0,0,,0,0,,0,2,2,0,0,1,1,1,2,-1.9,+3
14,12,2008-11-28,23-296,TOR,W (+5),ATL,0,18:39,1,6,.167,0,0,,2,2,1.000,4,3,7,1,0,1,0,2,4,4.5,+14
15,13,2008-11-30,23-298,TOR,L (-13),LAL,0,10:49,0,3,.000,0,0,,3,4,.750,0,3,3,0,3,0,1,1,3,3.0,-1
16,14,2008-12-02,23-300,TOR,L (-39),DEN,0,16:36,2,5,.400,0,0,,0,0,,3,5,8,0,0,2,0,1,4,5.9,-15
17,,2008-12-05,23-303,TOR,L (-27),UTA,Did Not Play,,,,,,,,,,,,,,,,,,,,,
18,,2008-12-07,23-305,TOR,L (-1),POR,Did Not Play,,,,,,,,,,,,,,,,,,,,,
19,,2008-12-09,23-307,TOR,L (-20),CLE,Did Not Dress,,,,,,,,,,,,,,,,,,,,,
20,,,,,,,,,,,,,,,,,,,,,,,,,,,,
21,,2008-12-10,23-308,TOR,W (+13),IND,Did Not Dress,,,,,,,,,,,,,,,,,,,,,
22,,2008-12-12,23-310,TOR,W (+22),NJN,Did Not Dress,,,,,,,,,,,,,,,,,,,,,
23,,2008-12-14,23-312,TOR,L (-8),NOH,Did Not Play,,,,,,,,,,,,,,,,,,,,,
24,,2008-12-15,23-313,TOR,L (-7),NJN,Did Not Play,,,,,,,,,,,,,,,,,,,,,
25,15,2008-12-17,23-315,TOR,L (-10),DAL,0,1:54,0,1,.000,0,0,,0,0,,0,0,0,0,0,0,0,0,0,-0.7,-6
26,16,2008-12-19,23-317,TOR,L (-8),OKC,0,6:46,0,1,.000,0,0,,0,0,,0,0,0,0,0,0,1,1,0,-2.1,-4
27,,2008-12-20,23-318,TOR,L (-10),SAS,Did Not Play,,,,,,,,,,,,,,,,,,,,,
28,17,2008-12-22,23-320,TOR,W (+22),LAC,0,2:32,1,1,1.000,0,0,,0,0,,0,1,1,0,0,0,0,0,2,2.0,+2
29,18,2008-12-26,23-324,TOR,W (+6),SAC,0,5:35,1,2,.500,0,0,,0,2,.000,1,2,3,0,0,0,0,1,2,1.1,+1
30,19,2008-12-27,23-325,TOR,L (-13),POR,0,0:35,0,0,,0,0,,0,0,,0,0,0,0,0,0,0,0,0,0.0,0
31,20,2008-12-29,23-327,TOR,L (-6),GSW,0,10:54,3,7,.429,0,0,,4,5,.800,2,2,4,0,0,0,0,2,10,7.1,+3
32,21,2008-12-31,23-329,TOR,L (-7),DEN,0,3:58,0,0,,0,0,,0,0,,0,3,3,1,0,0,0,0,0,1.6,+3
33,22,2009-01-02,23-331,TOR,W (+21),HOU,0,6:48,1,4,.250,0,0,,2,3,.667,1,0,1,1,0,0,2,1,4,0.2,+4
34,,2009-01-04,23-333,TOR,W (+6),ORL,Did Not Play,,,,,,,,,,,,,,,,,,,,,
35,23,2009-01-05,23-334,TOR,L (-10),MIL,0,8:35,2,2,1.000,0,0,,0,0,,1,1,2,1,1,1,0,0,4,6.8,0
36,24,2009-01-07,23-336,TOR,W (+6),WAS,0,4:15,1,1,1.000,0,0,,0,0,,0,0,0,0,0,0,0,2,2,0.9,-9
37,25,2009-01-09,23-338,TOR,W (+21),MEM,0,13:41,3,3,1.000,0,0,,0,0,,1,1,2,0,1,0,0,4,6,5.5,+10
38,26,2009-01-11,23-340,TOR,L (-6),BOS,0,5:00,0,2,.000,0,0,,0,0,,0,2,2,0,0,0,0,1,0,-1.2,-7
39,27,2009-01-12,23-341,TOR,L (-6),BOS,0,20:05,3,5,.600,0,0,,3,4,.750,0,4,4,1,1,0,1,2,9,7.4,+3
40,28,2009-01-14,23-343,TOR,L (-4),CHI,0,5:47,0,2,.000,0,0,,0,0,,0,0,0,1,0,0,0,1,0,-1.1,-1
41,,,,,,,,,,,,,,,,,,,,,,,,,,,,
42,,2009-01-16,23-345,TOR,L (-7),IND,Did Not Play,,,,,,,,,,,,,,,,,,,,,
43,29,2009-01-18,23-347,TOR,L (-4),PHO,0,10:52,2,3,.667,0,0,,2,2,1.000,1,0,1,0,0,1,1,4,6,3.5,-7
44,,2009-01-19,23-348,TOR,L (-3),ATL,Inactive,,,,,,,,,,,,,,,,,,,,,
45,,2009-01-21,23-350,TOR,L (-19),DET,Inactive,,,,,,,,,,,,,,,,,,,,,
46,,2009-01-23,23-352,TOR,W (+20),CHI,Inactive,,,,,,,,,,,,,,,,,,,,,
47,,2009-01-25,23-354,TOR,W (+16),SAC,Inactive,,,,,,,,,,,,,,,,,,,,,
48,,2009-01-28,23-357,TOR,W (+1),NJN,Inactive,,,,,,,,,,,,,,,,,,,,,
49,,2009-01-30,23-359,TOR,L (-11),MIL,Inactive,,,,,,,,,,,,,,,,,,,,,
50,,2009-02-01,23-361,TOR,L (-23),ORL,Inactive,,,,,,,,,,,,,,,,,,,,,
51,,2009-02-03,23-363,TOR,L (-18),CLE,Inactive,,,,,,,,,,,,,,,,,,,,,
52,,2009-02-04,23-364,TOR,L (-8),LAL,Inactive,,,,,,,,,,,,,,,,,,,,,
53,,2009-02-06,24-000,TOR,L (-9),NOH,Inactive,,,,,,,,,,,,,,,,,,,,,
54,,2009-02-07,24-001,TOR,L (-8),MEM,Inactive,,,,,,,,,,,,,,,,,,,,,
55,,2009-02-10,24-004,TOR,W (+8),MIN,Inactive,,,,,,,,,,,,,,,,,,,,,
56,,2009-02-11,24-005,TOR,W (+2),SAS,Inactive,,,,,,,,,,,,,,,,,,,,,
57,,2009-02-18,24-012,TOR,L (-17),CLE,Inactive,,,,,,,,,,,,,,,,,,,,,
58,,2009-02-20,24-014,TOR,L (-30),NYK,Inactive,,,,,,,,,,,,,,,,,,,,,
59,,2009-02-22,24-016,TOR,W (+11),NYK,Inactive,,,,,,,,,,,,,,,,,,,,,
60,,2009-02-24,24-018,TOR,W (+8),MIN,Inactive,,,,,,,,,,,,,,,,,,,,,
61,,2009-02-27,24-021,TOR,L (-20),PHO,Inactive,,,,,,,,,,,,,,,,,,,,,
62,,,,,,,,,,,,,,,,,,,,,,,,,,,,
63,,2009-03-01,24-023,TOR,L (-11),DAL,Inactive,,,,,,,,,,,,,,,,,,,,,
64,,2009-03-03,24-025,TOR,L (-10),HOU,Inactive,,,,,,,,,,,,,,,,,,,,,
65,,2009-03-06,24-028,TOR,L (-6),MIA,Inactive,,,,,,,,,,,,,,,,,,,,,
66,,2009-03-08,24-030,TOR,L (-8),UTA,Inactive,,,,,,,,,,,,,,,,,,,,,
67,,2009-03-11,24-033,TOR,L (-9),PHI,Inactive,,,,,,,,,,,,,,,,,,,,,
68,,2009-03-13,24-035,TOR,L (-4),DET,Inactive,,,,,,,,,,,,,,,,,,,,,
69,,2009-03-15,24-037,TOR,W (+23),IND,Inactive,,,,,,,,,,,,,,,,,,,,,
70,,2009-03-16,24-038,TOR,L (-26),CHA,Inactive,,,,,,,,,,,,,,,,,,,,,
71,,2009-03-20,24-042,TOR,L (-13),CHA,Inactive,,,,,,,,,,,,,,,,,,,,,
72,,2009-03-22,24-044,TOR,W (+24),LAC,Inactive,,,,,,,,,,,,,,,,,,,,,
73,,2009-03-25,24-047,TOR,W (+9),MIL,Inactive,,,,,,,,,,,,,,,,,,,,,
74,,2009-03-27,24-049,TOR,W (+16),OKC,Inactive,,,,,,,,,,,,,,,,,,,,,
75,,2009-03-29,24-051,TOR,W (+5),CHI,Inactive,,,,,,,,,,,,,,,,,,,,,
76,,2009-04-01,24-054,TOR,W (+4),ORL,Inactive,,,,,,,,,,,,,,,,,,,,,
77,,2009-04-04,24-057,TOR,W (+7),NYK,Inactive,,,,,,,,,,,,,,,,,,,,,
78,,2009-04-05,24-058,TOR,L (-9),NYK,Inactive,,,,,,,,,,,,,,,,,,,,,
79,,2009-04-07,24-060,TOR,L (-8),ATL,Inactive,,,,,,,,,,,,,,,,,,,,,
80,,2009-04-08,24-061,TOR,L (-29),IND,Inactive,,,,,,,,,,,,,,,,,,,,,
81,,2009-04-10,24-063,TOR,L (-2),WAS,Inactive,,,,,,,,,,,,,,,,,,,,,
82,,2009-04-12,24-065,TOR,W (+7),PHI,Inactive,,,,,,,,,,,,,,,,,,,,,
83,,,,,,,,,,,,,,,,,,,,,,,,,,,,
84,,2009-04-13,24-066,TOR,W (+1),WAS,Inactive,,,,,,,,,,,,,,,,,,,,,
85,,2009-04-15,24-068,TOR,W (+11),CHI,Inactive,,,,,,,,,,,,,,,,,,,,,
0,1,2009-10-27,24-263,DAL,L (-11),WAS,0,4:37,0,0,,0,0,,0,0,,0,0,0,1,0,0,0,0,0,0.7,+3
1,2,2009-10-30,24-266,DAL,W (+14),LAL,0,20:08,4,8,.500,0,0,,0,2,.000,3,4,7,0,2,0,3,5,8,3.5,-14
2,3,2009-10-31,24-267,DAL,W (+9),LAC,0,19:36,4,8,.500,0,0,,1,2,.500,2,4,6,1,0,0,0,3,9,6.7,-5
3,4,2009-11-03,24-270,DAL,W (+11),UTA,0,15:41,2,7,.286,0,0,,1,2,.500,3,2,5,1,0,0,2,1,5,1.5,-16
4,5,2009-11-04,24-271,DAL,L (-7),NOH,0,19:21,2,4,.500,0,0,,3,3,1.000,0,3,3,0,0,0,2,3,7,2.7,+5
5,6,2009-11-07,24-274,DAL,W (+28),TOR,0,13:12,3,5,.600,0,0,,2,2,1.000,1,4,5,1,1,0,0,3,8,8.1,+7
6,7,2009-11-10,24-277,DAL,W (+18),HOU,0,2:08,2,2,1.000,0,0,,0,0,,0,1,1,0,1,0,0,1,4,4.3,0
7,,2009-11-11,24-278,DAL,L (-9),SAS,Did Not Play,,,,,,,,,,,,,,,,,,,,,
8,8,2009-11-13,24-280,DAL,W (+12),MIN,0,14:31,3,8,.375,0,0,,3,3,1.000,4,5,9,0,0,1,0,2,9,8.8,+1
9,9,2009-11-15,24-282,DAL,W (+5),DET,0,13:26,2,6,.333,0,0,,1,3,.333,2,0,2,0,0,2,0,1,5,3.2,-11
10,10,2009-11-16,24-283,DAL,W (+2),MIL,0,16:26,2,3,.667,0,0,,0,1,.000,0,6,6,0,0,0,1,3,4,1.9,+2
11,11,2009-11-18,24-285,DAL,W (+5),SAS,0,18:37,2,7,.286,0,0,,1,2,.500,5,0,5,0,0,2,1,2,5,3.6,+15
12,12,2009-11-20,24-287,DAL,W (+2),SAC,0,23:58,7,11,.636,0,0,,1,4,.250,1,4,5,1,2,0,0,1,15,13.1,+2
13,13,2009-11-24,24-291,DAL,L (-8),GSW,0,15:54,2,5,.400,0,0,,2,2,1.000,2,1,3,1,0,1,0,3,6,5.2,-2
14,14,2009-11-25,24-292,DAL,W (+31),HOU,0,15:47,4,5,.800,0,0,,0,0,,2,3,5,0,0,0,0,1,8,8.0,+19
15,15,2009-11-27,24-294,DAL,W (+21),IND,0,22:48,3,10,.300,0,0,,6,9,.667,5,6,11,1,0,1,1,4,12,9.1,+8
16,16,2009-11-28,24-295,DAL,L (-16),CLE,0,10:13,2,4,.500,0,0,,0,1,.000,0,0,0,0,0,0,0,2,4,0.8,-7
17,,2009-11-30,24-297,DAL,W (+2),PHI,Did Not Play,,,,,,,,,,,,,,,,,,,,,
18,17,2009-12-02,24-299,DAL,W (+16),NJN,0,2:45,1,2,.500,0,0,,0,0,,0,0,0,0,0,0,0,0,2,1.0,0
19,18,2009-12-04,24-301,DAL,L (-16),MEM,0,7:16,1,3,.333,0,0,,0,0,,1,1,2,0,0,1,1,1,2,0.6,-7
20,,,,,,,,,,,,,,,,,,,,,,,,,,,,
21,,2009-12-05,24-302,DAL,L (-5),ATL,Did Not Play,,,,,,,,,,,,,,,,,,,,,
22,19,2009-12-08,24-305,DAL,W (+1),PHO,0,9:08,0,1,.000,0,0,,1,2,.500,1,3,4,0,0,0,0,3,1,0.3,+8
23,,2009-12-11,24-308,DAL,W (+13),MIA,Did Not Play,,,,,,,,,,,,,,,,,,,,,
24,,2009-12-12,24-309,DAL,W (+1),CHA,Did Not Play,,,,,,,,,,,,,,,,,,,,,
25,20,2009-12-14,24-311,DAL,W (+4),NOH,0,8:21,2,3,.667,0,0,,0,0,,1,4,5,0,0,0,1,3,4,2.4,-5
26,,2009-12-16,24-313,DAL,W (+14),OKC,Did Not Play,,,,,,,,,,,,,,,,,,,,,
27,21,2009-12-18,24-315,DAL,L (-8),HOU,0,4:01,0,1,.000,0,0,,1,2,.500,0,0,0,0,0,0,0,0,1,-0.1,-9
28,,2009-12-20,24-317,DAL,W (+7),CLE,Did Not Play,,,,,,,,,,,,,,,,,,,,,
29,,2009-12-22,24-319,DAL,L (-4),POR,Did Not Play,,,,,,,,,,,,,,,,,,,,,
30,22,2009-12-26,24-323,DAL,W (+5),MEM,0,7:31,1,2,.500,0,0,,1,2,.500,3,2,5,0,0,1,0,0,3,5.0,-3
31,,2009-12-27,24-324,DAL,W (+8),DEN,Did Not Play,,,,,,,,,,,,,,,,,,,,,
32,,2009-12-31,24-328,DAL,L (-3),HOU,Did Not Play,,,,,,,,,,,,,,,,,,,,,
33,23,2010-01-02,24-330,DAL,W (+8),SAC,0,2:27,0,0,,0,0,,0,0,,0,0,0,0,0,0,1,0,0,-1.0,-9
34,24,2010-01-03,24-331,DAL,L (-35),LAL,0,18:21,3,8,.375,0,0,,1,2,.500,2,4,6,0,1,1,0,0,7,6.5,-2
35,25,2010-01-05,24-333,DAL,W (+5),DET,0,9:09,1,2,.500,0,0,,0,0,,0,0,0,0,0,1,0,1,2,1.3,-7
36,,2010-01-08,24-336,DAL,W (+9),SAS,Did Not Play,,,,,,,,,,,,,,,,,,,,,
37,,2010-01-09,24-337,DAL,L (-18),UTA,Inactive,,,,,,,,,,,,,,,,,,,,,
38,26,2010-01-13,24-341,NJN,L (-24),BOS,0,16:34,1,8,.125,0,1,.000,7,10,.700,5,3,8,0,0,1,1,4,9,5.1,0
39,27,2010-01-15,24-343,NJN,L (-16),IND,0,27:11,5,7,.714,0,0,,5,6,.833,1,7,8,1,2,1,2,3,15,14.7,-26
40,28,2010-01-18,24-346,NJN,L (-11),LAC,0,27:41,9,14,.643,0,0,,3,4,.750,2,5,7,0,0,1,0,2,21,17.2,-2
41,,,,,,,,,,,,,,,,,,,,,,,,,,,,
42,29,2010-01-20,24-348,NJN,L (-24),PHO,0,24:50,4,9,.444,0,0,,1,3,.333,1,6,7,2,0,1,2,4,9,4.5,-11
43,30,2010-01-22,24-350,NJN,L (-32),GSW,0,22:05,3,8,.375,0,0,,3,5,.600,2,3,5,2,1,0,1,3,9,6.3,-4
44,31,2010-01-23,24-351,NJN,L (-33),UTA,0,22:43,3,8,.375,0,0,,4,6,.667,2,3,5,1,0,0,2,3,10,4.6,-22
45,32,2010-01-27,24-355,NJN,W (+16),LAC,0,30:28,10,14,.714,0,0,,5,5,1.000,1,7,8,1,1,1,1,4,25,21.8,+20
46,33,2010-01-29,24-357,NJN,L (-2),WAS,0,26:08,1,8,.125,0,0,,6,7,.857,2,1,3,1,1,0,4,5,8,-0.2,-6
47,34,2010-01-31,24-359,NJN,L (-4),PHI,0,16:02,1,5,.200,0,0,,0,0,,2,3,5,0,1,0,1,2,2,0.4,-2
48,35,2010-02-02,24-361,NJN,L (-4),DET,0,24:32,3,8,.375,0,0,,3,4,.750,2,10,12,0,0,0,1,2,9,6.8,-8
49,36,2010-02-03,24-362,NJN,L (-9),TOR,0,26:27,5,12,.417,0,0,,3,4,.750,3,8,11,0,0,1,1,4,13,8.8,+8
50,37,2010-02-05,24-364,NJN,L (-9),BOS,0,23:43,1,6,.167,0,0,,1,2,.500,3,5,8,1,1,0,1,2,3,2.3,+4
51,38,2010-02-06,25-000,NJN,L (-7),DET,0,27:52,6,14,.429,0,0,,2,4,.500,6,3,9,0,1,0,1,2,14,10.1,-11
52,39,2010-02-09,25-003,NJN,L (-7),CLE,0,11:31,1,1,1.000,0,0,,0,0,,0,1,1,0,0,1,1,3,2,0.5,-22
53,40,2010-02-10,25-004,NJN,L (-20),MIL,0,19:51,3,8,.375,0,0,,1,2,.500,2,5,7,0,0,0,0,1,7,4.7,-27
54,41,2010-02-16,25-010,NJN,W (+9),CHA,0,21:51,6,11,.545,0,0,,1,2,.500,2,6,8,0,0,0,0,1,13,10.1,-9
55,42,2010-02-17,25-011,NJN,L (-3),MIA,0,21:38,1,7,.143,0,0,,0,0,,4,8,12,0,1,1,1,3,2,2.2,+5
56,43,2010-02-19,25-013,NJN,L (-17),TOR,0,8:05,0,1,.000,0,0,,3,4,.750,0,1,1,0,0,2,3,1,3,0.2,-11
57,44,2010-02-21,25-015,NJN,L (-10),MEM,0,17:11,1,4,.250,0,0,,1,2,.500,3,4,7,0,1,0,1,1,3,3.1,+9
58,45,2010-02-23,25-017,NJN,L (-9),POR,0,13:01,0,2,.000,0,0,,1,2,.500,0,2,2,0,0,0,1,1,1,-1.6,-1
59,46,2010-02-27,25-021,NJN,W (+8),BOS,0,23:40,2,4,.500,0,0,,7,10,.700,1,9,10,0,4,2,3,3,11,12.4,+3
60,47,2010-02-28,25-022,NJN,L (-4),WAS,0,13:48,1,4,.250,0,0,,2,4,.500,2,2,4,0,0,1,0,2,4,2.7,-12
61,48,2010-03-03,25-025,NJN,L (-19),CLE,0,17:19,3,3,1.000,0,0,,1,2,.500,2,3,5,0,1,0,0,2,7,8.2,+7
62,,,,,,,,,,,,,,,,,,,,,,,,,,,,
63,49,2010-03-05,25-027,NJN,L (-10),ORL,0,23:45,4,7,.571,0,0,,4,5,.800,1,4,5,1,0,3,2,3,12,9.8,-3
64,50,2010-03-06,25-028,NJN,W (+20),NYK,0,15:04,5,7,.714,0,0,,0,2,.000,0,4,4,2,0,1,1,1,10,8.2,+10
65,51,2010-03-08,25-030,NJN,L (-6),MEM,0,25:08,1,7,.143,0,0,,0,0,,2,5,7,2,2,3,1,2,2,4.1,-10
66,52,2010-03-10,25-032,NJN,L (-9),DAL,0,27:31,5,11,.455,0,0,,3,4,.750,4,4,8,1,1,0,2,3,13,9.4,-7
67,53,2010-03-12,25-034,NJN,L (-2),OKC,0,24:15,3,7,.429,0,0,,2,3,.667,0,2,2,0,0,1,1,1,8,3.8,-10
68,54,2010-03-13,25-035,NJN,L (-8),HOU,0,14:12,1,4,.250,0,0,,1,2,.500,1,0,1,1,1,0,0,2,3,1.8,-13
69,55,2010-03-16,25-038,NJN,L (-24),ATL,0,26:04,1,7,.143,0,0,,3,4,.750,5,4,9,2,0,0,2,3,5,3.0,-22
70,56,2010-03-17,25-039,NJN,L (-11),PHI,0,22:36,3,7,.429,0,0,,4,4,1.000,0,7,7,1,1,0,1,3,10,7.9,-1
71,57,2010-03-20,25-042,NJN,L (-10),TOR,0,10:14,2,5,.400,0,0,,2,4,.500,1,2,3,0,0,0,1,2,6,2.0,-3
72,58,2010-03-22,25-044,NJN,L (-10),MIA,0,16:53,1,6,.167,0,0,,4,7,.571,4,5,9,1,0,1,2,1,6,4.3,-5
73,59,2010-03-24,25-046,NJN,W (+14),SAC,0,17:52,0,4,.000,0,0,,2,2,1.000,2,7,9,2,1,1,1,2,2,4.0,+6
74,60,2010-03-26,25-048,NJN,W (+8),DET,0,12:23,2,3,.667,0,0,,3,4,.750,1,5,6,1,0,1,2,2,7,6.1,+4
75,61,2010-03-27,25-049,NJN,L (-23),CHI,0,25:33,2,6,.333,0,0,,0,0,,2,6,8,0,1,2,1,4,4,3.6,-6
76,62,2010-03-29,25-051,NJN,W (+6),SAS,0,16:37,2,4,.500,0,0,,0,0,,0,4,4,0,0,1,0,1,4,3.5,-4
77,63,2010-03-31,25-053,NJN,L (-11),PHO,0,22:45,7,11,.636,0,0,,3,3,1.000,2,5,7,0,0,2,0,1,17,16.0,-1
78,64,2010-04-03,25-056,NJN,W (+28),NOH,0,28:04,5,8,.625,0,0,,0,0,,3,9,12,0,4,5,5,2,10,12.9,+29
79,65,2010-04-04,25-057,NJN,L (-10),WAS,0,22:20,4,6,.667,0,0,,1,2,.500,1,6,7,0,2,0,2,4,9,6.9,-6
80,66,2010-04-07,25-060,NJN,L (-19),MIL,0,23:53,1,5,.200,0,0,,5,6,.833,2,5,7,0,0,2,0,2,7,7.0,-5
81,67,2010-04-09,25-062,NJN,W (+11),CHI,0,20:22,3,4,.750,0,0,,2,2,1.000,0,6,6,1,0,0,1,3,8,6.7,+6
82,68,2010-04-10,25-063,NJN,L (-13),IND,0,17:24,5,6,.833,0,0,,3,4,.750,2,4,6,0,0,1,0,1,13,13.3,-7
83,,,,,,,,,,,,,,,,,,,,,,,,,,,,
84,69,2010-04-12,25-065,NJN,L (-10),CHA,0,8:56,0,2,.000,0,0,,0,0,,1,2,3,1,1,0,0,1,0,1.2,0
85,,2010-04-14,25-067,NJN,L (-8),MIA,Did Not Dress,,,,,,,,,,,,,,,,,,,,,
0,1,2010-10-27,25-263,NJN,W (+3),DET,0,18:09,2,2,1.000,0,0,,0,0,,1,5,6,0,0,0,0,2,4,4.8,-6
1,2,2010-10-29,25-265,NJN,W (+6),SAC,0,22:43,2,2,1.000,0,0,,1,2,.500,0,8,8,0,0,0,2,3,5,3.2,-2
2,3,2010-10-31,25-267,NJN,L (-23),MIA,0,20:11,3,4,.750,0,0,,0,0,,0,4,4,0,2,0,1,3,6,5.4,-2
3,4,2010-11-03,25-270,NJN,L (-2),CHA,0,6:38,1,1,1.000,0,0,,0,0,,0,0,0,0,0,0,0,1,2,1.3,+1
4,5,2010-11-05,25-272,NJN,L (-15),ORL,0,17:13,6,7,.857,0,0,,1,2,.500,3,1,4,1,0,1,0,3,13,12.7,-6
5,6,2010-11-06,25-273,NJN,L (-12),MIA,0,7:18,1,1,1.000,0,0,,0,0,,1,0,1,1,0,1,1,2,2,2.0,-3
6,7,2010-11-09,25-276,NJN,L (-2),CLE,0,8:25,2,3,.667,0,0,,0,0,,0,2,2,0,0,2,0,0,4,4.7,-18
7,8,2010-11-10,25-277,NJN,W (+8),CLE,1,40:09,6,12,.500,0,0,,1,4,.250,6,12,18,3,1,2,1,4,13,15.5,+9
8,9,2010-11-13,25-280,NJN,L (-1),ORL,1,26:21,2,4,.500,0,0,,0,0,,1,6,7,0,1,2,2,0,4,4.9,-11
9,10,2010-11-15,25-282,NJN,W (+14),LAC,1,32:15,5,7,.714,0,0,,3,3,1.000,3,9,12,0,0,3,0,3,13,15.8,+13
10,11,2010-11-17,25-284,NJN,L (-10),UTA,1,29:48,3,6,.500,0,0,,2,2,1.000,5,10,15,0,0,2,2,2,8,10.1,-11
11,12,2010-11-19,25-286,NJN,L (-5),SAC,1,31:31,9,12,.750,0,0,,0,0,,4,6,10,2,1,0,0,4,18,18.6,+3
12,13,2010-11-20,25-287,NJN,L (-4),DEN,1,19:07,3,7,.429,0,0,,4,5,.800,2,6,8,1,0,0,0,2,10,9.0,-1
13,14,2010-11-23,25-290,NJN,W (+6),ATL,1,35:40,4,6,.667,0,0,,4,6,.667,4,10,14,1,0,0,1,4,12,12.5,0
14,15,2010-11-24,25-291,NJN,L (-6),BOS,1,31:59,1,5,.200,0,0,,0,0,,3,8,11,2,0,2,1,2,2,4.4,-9
15,16,2010-11-27,25-294,NJN,L (-16),PHI,1,31:41,3,10,.300,0,0,,1,2,.500,4,11,15,1,0,1,1,2,7,6.5,-16
16,17,2010-11-28,25-295,NJN,W (+2),POR,1,28:05,4,5,.800,0,0,,2,3,.667,0,8,8,0,0,4,0,2,10,12.1,+2
17,18,2010-11-30,25-297,NJN,L (-11),NYK,1,17:12,3,9,.333,0,0,,2,2,1.000,4,3,7,2,0,0,0,2,8,7.2,-9
18,19,2010-12-01,25-298,NJN,L (-3),OKC,1,39:15,3,6,.500,0,0,,0,0,,4,11,15,2,2,2,2,4,6,10.3,-11
19,20,2010-12-03,25-300,NJN,L (-7),CHA,1,22:03,2,6,.333,0,0,,0,0,,1,7,8,0,0,1,1,3,4,1.9,-11
20,,,,,,,,,,,,,,,,,,,,,,,,,,,,
21,21,2010-12-05,25-302,NJN,L (-25),BOS,1,13:01,2,4,.500,0,0,,0,0,,1,1,2,0,0,0,0,0,4,3.0,-13
22,22,2010-12-07,25-304,NJN,L (-15),ATL,1,24:01,3,7,.429,0,0,,2,2,1.000,4,3,7,5,0,0,0,3,8,10.3,-15
23,23,2010-12-09,25-306,NJN,L (-13),DAL,1,34:10,5,11,.455,0,0,,6,7,.857,5,8,13,2,0,0,0,4,16,15.6,-4
24,24,2010-12-12,25-309,NJN,L (-7),LAL,1,36:37,5,8,.625,0,0,,1,1,1.000,2,9,11,1,0,3,3,2,11,10.5,+1
25,25,2010-12-14,25-311,NJN,L (-5),PHI,1,21:25,1,10,.100,0,0,,0,0,,7,6,13,1,0,1,1,2,2,1.7,-17
26,26,2010-12-16,25-313,NJN,W (+8),WAS,1,35:56,5,7,.714,0,0,,2,4,.500,6,11,17,1,2,2,5,1,12,14.5,+10
27,27,2010-12-17,25-314,NJN,L (-6),TOR,1,30:52,5,6,.833,0,0,,2,4,.500,1,11,12,2,0,0,3,2,12,10.6,-2
28,28,2010-12-19,25-316,NJN,W (+7),ATL,1,19:05,2,5,.400,0,0,,0,0,,2,4,6,0,0,1,1,1,4,3.2,-10
29,29,2010-12-21,25-318,NJN,W (+7),MEM,1,28:52,6,11,.545,0,0,,0,0,,4,11,15,1,0,1,1,3,12,12.0,+1
30,30,2010-12-22,25-319,NJN,L (-14),NOH,1,20:19,4,5,.800,0,0,,0,0,,1,5,6,0,1,0,0,1,8,8.9,-15
31,31,2010-12-27,25-324,NJN,L (-16),ORL,1,27:28,2,6,.333,0,0,,3,4,.750,2,9,11,0,2,2,3,2,7,6.9,0
32,32,2010-12-29,25-326,NJN,L (-21),OKC,1,20:59,1,3,.333,0,0,,2,2,1.000,0,7,7,1,0,1,1,2,4,4.0,-11
33,33,2010-12-31,25-328,NJN,L (-9),CHI,1,19:00,1,4,.250,0,0,,0,0,,2,5,7,1,2,1,1,1,2,4.5,-4
34,34,2011-01-01,25-329,NJN,L (-15),MIN,1,28:47,5,7,.714,0,0,,2,4,.500,5,9,14,1,1,0,3,2,12,12.4,-6
35,35,2011-01-05,25-333,NJN,W (+2),CHI,0,38:14,10,15,.667,0,0,,0,2,.000,5,6,11,2,1,0,3,3,20,16.2,-1
36,36,2011-01-07,25-335,NJN,L (-20),WAS,0,19:04,4,8,.500,0,0,,0,0,,2,6,8,1,0,0,1,2,8,6.1,-9
37,37,2011-01-08,25-336,NJN,L (-23),MIL,0,24:35,8,12,.667,0,0,,6,6,1.000,3,5,8,3,0,1,1,1,22,21.8,-2
38,38,2011-01-12,25-340,NJN,L (-9),PHO,0,32:55,6,11,.545,0,0,,4,5,.800,1,5,6,2,0,3,0,5,16,14.0,-7
39,39,2011-01-14,25-342,NJN,L (-12),LAL,0,27:54,3,12,.250,0,0,,0,0,,5,10,15,3,0,1,0,4,6,6.5,+3
40,40,2011-01-15,25-343,NJN,L (-7),POR,0,32:01,3,5,.600,0,0,,1,2,.500,3,7,10,2,1,2,1,2,7,10.5,+4
41,,,,,,,,,,,,,,,,,,,,,,,,,,,,
42,41,2011-01-17,25-345,NJN,L (-9),GSW,0,22:01,3,8,.375,0,0,,5,8,.625,3,7,10,2,0,0,0,2,11,10.2,-1
43,42,2011-01-19,25-347,NJN,W (+8),UTA,0,22:38,5,7,.714,0,0,,2,2,1.000,2,3,5,1,0,0,3,5,12,7.1,0
44,43,2011-01-21,25-349,NJN,W (+15),DET,0,24:59,4,6,.667,0,0,,3,4,.750,2,10,12,2,0,1,1,0,11,13.5,+15
45,44,2011-01-22,25-350,NJN,L (-1),DAL,0,33:10,3,4,.750,0,0,,2,3,.667,4,11,15,1,0,1,2,1,8,11.1,-1
46,45,2011-01-24,25-352,NJN,W (+2),CLE,0,31:24,3,10,.300,0,0,,5,8,.625,5,6,11,1,1,0,2,2,11,8.2,+2
47,46,2011-01-26,25-354,NJN,W (+5),MEM,0,27:27,6,9,.667,0,0,,2,2,1.000,4,3,7,1,0,1,0,2,14,14.4,+13
48,47,2011-01-28,25-356,NJN,L (-32),IND,0,14:33,0,2,.000,0,0,,0,0,,0,4,4,0,0,0,0,1,0,-0.6,-12
49,48,2011-01-29,25-357,NJN,L (-10),MIL,0,24:11,0,6,.000,0,0,,1,2,.500,3,7,10,1,0,1,1,2,1,0.2,-11
50,49,2011-01-31,25-359,NJN,W (+16),DEN,0,26:58,5,8,.625,0,0,,5,6,.833,4,5,9,0,0,1,0,1,15,15.6,+7
51,50,2011-02-02,25-361,NJN,L (-14),PHI,0,26:39,7,9,.778,0,0,,2,4,.500,3,4,7,1,0,1,1,0,16,15.4,+3
52,51,2011-02-04,25-363,NJN,L (-10),DET,0,25:25,2,5,.400,0,0,,2,4,.500,2,7,9,0,0,1,0,2,6,5.9,-2
53,52,2011-02-06,26-000,NJN,L (-19),IND,0,22:20,3,8,.375,0,0,,0,0,,2,6,8,1,1,1,0,2,6,6.4,-8
54,53,2011-02-09,26-003,NJN,W (+2),NOH,0,32:38,6,8,.750,0,0,,2,4,.500,4,11,15,2,0,0,1,4,14,14.9,+7
55,54,2011-02-11,26-005,NJN,W (+5),CHA,0,31:45,5,10,.500,0,0,,5,7,.714,7,7,14,2,0,1,2,3,15,15.1,-2
56,55,2011-02-12,26-006,NJN,L (-10),NYK,0,28:02,4,8,.500,0,0,,0,0,,2,9,11,2,1,1,3,3,8,7.0,-10
57,56,2011-02-14,26-008,NJN,L (-17),SAS,0,17:04,1,5,.200,0,0,,2,4,.500,1,6,7,0,1,1,2,2,4,1.5,-5
58,57,2011-02-16,26-010,NJN,L (-14),BOS,0,21:31,2,5,.400,0,0,,1,2,.500,1,5,6,0,0,0,1,2,5,2.3,-14
59,58,2011-02-25,26-019,NJN,L (-10),SAS,1,23:16,6,13,.462,0,0,,0,0,,0,6,6,0,2,2,1,2,12,8.7,-15
60,59,2011-02-26,26-020,NJN,L (-15),HOU,1,25:21,5,9,.556,0,0,,3,4,.750,4,7,11,0,0,0,3,4,13,8.6,-9
61,60,2011-02-28,26-022,NJN,L (-1),PHO,1,40:52,8,15,.533,0,0,,0,1,.000,3,12,15,1,1,1,3,2,16,12.6,-3
62,,,,,,,,,,,,,,,,,,,,,,,,,,,,
63,61,2011-03-04,26-026,NJN,W (+13),TOR,1,36:18,8,14,.571,0,1,.000,2,3,.667,4,13,17,1,0,4,2,3,18,18.0,+15
64,62,2011-03-05,26-027,NJN,W (+1),TOR,1,53:47,8,17,.471,0,0,,4,8,.500,6,11,17,2,1,0,3,4,20,15.0,+2
65,63,2011-03-09,26-031,NJN,W (+4),GSW,1,37:24,5,7,.714,0,0,,1,3,.333,2,13,15,0,0,4,3,2,11,11.6,+5
66,64,2011-03-11,26-033,NJN,W (+4),LAC,1,39:40,8,8,1.000,0,0,,3,3,1.000,3,17,20,0,1,0,4,3,19,19.6,+15
67,65,2011-03-14,26-036,NJN,W (+9),BOS,1,37:31,7,14,.500,0,0,,2,4,.500,5,10,15,1,0,1,3,2,16,12.3,+7
68,66,2011-03-17,26-039,NJN,L (-11),CHI,1,40:22,5,12,.417,0,0,,3,6,.500,7,9,16,1,0,5,2,3,13,14.0,-12
69,67,2011-03-18,26-040,NJN,L (-15),MIL,1,33:12,5,7,.714,0,0,,0,2,.000,1,10,11,3,2,1,1,3,10,12.6,-10
70,68,2011-03-20,26-042,NJN,L (-6),WAS,1,39:09,7,17,.412,0,0,,4,5,.800,7,10,17,1,2,3,2,4,18,17.6,-1
71,69,2011-03-21,26-043,NJN,L (-4),IND,1,32:23,4,8,.500,0,0,,1,2,.500,4,10,14,3,0,0,3,2,9,8.7,-14
72,70,2011-03-23,26-045,NJN,W (+4),CLE,1,38:36,6,14,.429,0,0,,6,6,1.000,9,14,23,4,2,2,3,2,18,23.5,+5
73,71,2011-03-25,26-047,NJN,L (-10),ORL,1,36:20,6,10,.600,0,0,,2,2,1.000,4,6,10,2,0,0,3,1,14,12.0,+1
74,72,2011-03-26,26-048,NJN,L (-11),ATL,1,26:10,6,8,.750,0,0,,0,0,,1,4,5,0,0,1,3,3,12,7.2,-20
75,73,2011-03-29,26-051,NJN,L (-25),HOU,1,23:03,3,10,.300,0,0,,0,0,,4,9,13,1,1,2,0,2,6,8.0,-7
76,74,2011-03-30,26-052,NJN,L (-4),NYK,1,43:43,5,10,.500,0,0,,5,8,.625,5,9,14,2,0,1,2,1,15,14.7,+1
77,,2011-04-01,26-054,NJN,L (-25),PHI,Inactive,,,,,,,,,,,,,,,,,,,,,
78,,2011-04-03,26-056,NJN,L (-14),MIA,Inactive,,,,,,,,,,,,,,,,,,,,,
79,,2011-04-05,26-058,NJN,W (+2),MIN,Inactive,,,,,,,,,,,,,,,,,,,,,
80,,2011-04-06,26-059,NJN,L (-7),DET,Inactive,,,,,,,,,,,,,,,,,,,,,
81,,2011-04-08,26-061,NJN,L (-23),NYK,Inactive,,,,,,,,,,,,,,,,,,,,,
82,,2011-04-10,26-063,NJN,L (-7),TOR,Inactive,,,,,,,,,,,,,,,,,,,,,
83,,,,,,,,,,,,,,,,,,,,,,,,,,,,
84,,2011-04-11,26-064,NJN,L (-2),CHA,Did Not Dress,,,,,,,,,,,,,,,,,,,,,
85,,2011-04-13,26-066,NJN,L (-5),CHI,Inactive,,,,,,,,,,,,,,,,,,,,,
0,1,2011-12-26,26-323,NJN,W (+6),WAS,1,38:50,9,14,.643,0,0,,3,4,.750,7,9,16,2,1,0,1,3,21,22.2,+25
1,2,2011-12-27,26-324,NJN,L (-36),ATL,1,24:58,4,8,.500,0,0,,3,4,.750,3,3,6,0,1,1,0,2,11,10.5,-18
2,3,2011-12-29,26-326,NJN,L (-16),ORL,1,34:38,3,5,.600,0,0,,3,5,.600,0,10,10,1,0,1,3,3,9,6.1,-15
3,4,2011-12-30,26-327,NJN,L (-7),ATL,1,30:51,4,8,.500,0,0,,2,2,1.000,5,8,13,2,0,0,2,4,10,9.7,+10
4,5,2012-01-01,26-329,NJN,L (-16),CLE,1,30:26,1,5,.200,0,0,,9,11,.818,0,5,5,0,0,0,1,2,11,6.8,-5
5,,2012-01-02,26-330,NJN,L (-14),IND,Inactive,,,,,,,,,,,,,,,,,,,,,
6,,2012-01-04,26-332,NJN,L (-19),BOS,Inactive,,,,,,,,,,,,,,,,,,,,,
7,6,2012-01-06,26-334,NJN,W (+12),TOR,1,37:57,2,8,.250,0,0,,2,6,.333,9,7,16,1,0,0,3,4,6,4.1,+18
8,7,2012-01-07,26-335,NJN,L (-11),MIA,1,39:26,8,21,.381,0,0,,9,11,.818,5,7,12,1,3,1,4,5,25,16.7,-1
9,8,2012-01-09,26-337,NJN,L (-5),ATL,1,26:05,4,7,.571,0,0,,5,6,.833,1,6,7,1,1,2,2,6,13,10.5,+13
10,9,2012-01-11,26-339,NJN,L (-8),DEN,1,31:31,5,6,.833,0,0,,2,2,1.000,1,8,9,3,0,2,1,2,12,14.6,+5
11,10,2012-01-13,26-341,NJN,W (+7),PHO,1,28:26,6,8,.750,0,0,,3,4,.750,3,3,6,0,1,0,0,5,15,13.4,-4
12,11,2012-01-14,26-342,NJN,L (-13),UTA,1,30:26,8,11,.727,0,0,,2,3,.667,5,5,10,1,1,0,2,2,18,17.0,-21
13,12,2012-01-16,26-344,NJN,L (-10),LAC,1,32:20,5,10,.500,0,0,,4,4,1.000,2,5,7,1,0,0,0,6,14,10.2,-6
14,13,2012-01-18,26-346,NJN,W (+7),GSW,1,40:29,8,14,.571,0,0,,2,3,.667,8,7,15,2,2,4,2,3,18,21.7,+10
15,14,2012-01-21,26-349,NJN,L (-10),OKC,1,42:56,6,17,.353,0,0,,0,0,,6,10,16,0,2,3,2,1,12,11.4,-2
16,15,2012-01-22,26-350,NJN,W (+10),CHA,1,30:19,4,11,.364,0,0,,0,0,,6,4,10,0,0,1,2,1,8,5.6,0
17,16,2012-01-23,26-351,NJN,L (-15),CHI,1,24:15,2,7,.286,0,0,,3,5,.600,4,2,6,1,0,1,0,1,7,6.5,-18
18,17,2012-01-25,26-353,NJN,W (+7),PHI,1,46:13,6,11,.545,0,0,,1,2,.500,6,13,19,2,1,0,3,2,13,14.0,+5
19,18,2012-01-27,26-355,NJN,W (+3),CLE,1,32:50,7,13,.538,0,0,,4,4,1.000,3,8,11,1,2,1,1,3,18,17.4,+10
20,,,,,,,,,,,,,,,,,,,,,,,,,,,,
21,19,2012-01-29,26-357,NJN,L (-21),TOR,1,29:34,1,4,.250,0,0,,1,2,.500,2,6,8,0,0,1,5,2,3,-1.7,-17
22,20,2012-01-31,26-359,NJN,L (-7),IND,1,41:49,5,9,.556,0,0,,3,7,.429,2,8,10,0,1,0,2,3,13,8.7,-3
23,21,2012-02-01,26-360,NJN,W (+3),DET,1,38:52,7,14,.500,0,0,,4,6,.667,4,4,8,5,1,2,3,2,18,16.3,+6
24,22,2012-02-03,26-362,NJN,L (-3),MIN,1,40:33,5,14,.357,0,0,,6,8,.750,3,6,9,1,0,4,0,5,16,12.8,0
25,23,2012-02-04,26-363,NJN,L (-7),NYK,1,33:33,5,9,.556,0,0,,10,12,.833,4,8,12,2,2,4,1,4,20,23.7,+1
26,24,2012-02-06,27-000,NJN,L (-21),CHI,1,29:45,4,9,.444,0,0,,2,2,1.000,3,6,9,1,1,0,1,2,10,9.1,-22
27,25,2012-02-08,27-002,NJN,L (-7),DET,1,41:02,4,9,.444,0,0,,1,2,.500,8,8,16,2,1,2,3,2,9,11.9,-7
28,26,2012-02-10,27-004,NJN,L (-17),DET,1,25:08,2,9,.222,0,0,,1,2,.500,1,5,6,0,0,1,1,2,5,0.2,-14
29,27,2012-02-11,27-005,NJN,L (-14),SAS,1,30:47,7,10,.700,0,0,,1,2,.500,4,4,8,0,0,2,3,3,15,11.6,-10
30,28,2012-02-15,27-009,NJN,L (-5),MEM,1,36:25,3,4,.750,0,0,,4,4,1.000,1,6,7,2,0,0,2,5,10,8.3,-3
31,29,2012-02-16,27-010,NJN,L (-5),IND,1,38:21,11,14,.786,0,0,,2,2,1.000,4,6,10,3,0,3,2,4,24,23.8,+6
32,30,2012-02-18,27-012,NJN,W (+12),CHI,1,44:34,10,15,.667,0,0,,4,6,.667,7,11,18,5,1,2,2,2,24,28.0,+19
33,31,2012-02-19,27-013,NJN,L (-7),MIL,1,31:05,5,11,.455,0,0,,3,4,.750,2,6,8,1,1,0,4,5,13,5.8,-8
34,32,2012-02-20,27-014,NJN,W (+8),NYK,1,43:51,5,14,.357,0,0,,4,7,.571,4,10,14,0,0,1,1,4,14,8.9,0
35,,2012-02-22,27-016,NJN,L (-17),ORL,Inactive,,,,,,,,,,,,,,,,,,,,,
36,33,2012-02-28,27-022,NJN,W (+1),DAL,1,37:05,5,7,.714,0,0,,0,0,,4,11,15,0,1,3,4,3,10,11.1,-11
37,34,2012-03-02,27-025,NJN,L (-13),BOS,1,25:07,2,4,.500,0,0,,2,4,.500,0,5,5,0,0,0,3,1,6,1.3,-32
38,35,2012-03-04,27-027,NJN,W (+3),CHA,1,39:53,3,7,.429,0,0,,5,8,.625,2,11,13,1,1,0,2,3,11,9.3,+6
39,36,2012-03-06,27-029,NJN,L (-30),MIA,1,23:43,3,10,.300,0,0,,3,4,.750,3,3,6,1,1,1,1,2,9,6.4,-22
40,37,2012-03-07,27-030,NJN,W (+1),LAC,1,36:37,3,11,.273,0,0,,6,6,1.000,3,8,11,4,0,2,5,5,12,7.2,-7
41,,,,,,,,,,,,,,,,,,,,,,,,,,,,
42,38,2012-03-09,27-032,NJN,W (+9),CHA,1,45:01,7,15,.467,0,0,,6,8,.750,6,9,15,1,1,3,1,1,20,20.8,+5
43,39,2012-03-10,27-033,NJN,L (-6),HOU,1,37:22,5,11,.455,0,0,,0,0,,2,5,7,1,0,1,1,4,10,6.0,-3
44,40,2012-03-12,27-035,NJN,L (-6),MIL,1,41:41,11,15,.733,0,0,,9,12,.750,3,15,18,1,2,3,1,1,31,33.7,0
45,41,2012-03-14,27-037,NJN,W (+14),TOR,1,38:26,7,18,.389,0,0,,2,2,1.000,7,14,21,3,3,3,3,3,16,18.3,+7
46,42,2012-03-16,27-039,NJN,L (-16),ORL,1,22:30,0,6,.000,0,0,,4,4,1.000,0,3,3,0,1,0,2,2,4,-1.1,-20
47,43,2012-03-17,27-040,NJN,L (-8),NOH,1,39:20,3,10,.300,0,0,,2,2,1.000,5,11,16,1,0,1,4,1,8,6.0,0
48,44,2012-03-19,27-042,NJN,L (-5),CLE,1,33:12,5,10,.500,0,0,,3,3,1.000,4,7,11,2,0,1,1,5,13,12.0,-8
49,45,2012-03-21,27-044,NJN,L (-19),WAS,1,35:21,5,11,.455,0,0,,3,6,.500,4,12,16,0,1,1,1,2,13,12.4,+4
50,46,2012-03-23,27-046,NJN,L (-9),ATL,1,35:48,6,12,.500,0,0,,5,7,.714,5,3,8,1,0,1,2,4,17,12.4,-23
51,47,2012-03-24,27-047,NJN,W (+13),CHA,1,36:57,9,16,.563,0,0,,2,3,.667,8,8,16,2,0,1,3,3,20,17.9,+5
52,48,2012-03-26,27-049,NJN,L (-21),UTA,1,22:30,0,6,.000,0,0,,2,2,1.000,3,7,10,2,0,0,1,1,2,2.0,-15
53,49,2012-03-28,27-051,NJN,W (+16),IND,1,31:49,5,11,.455,0,0,,2,3,.667,3,5,8,1,1,1,2,0,12,9.9,+10
54,50,2012-03-30,27-053,NJN,W (+2),GSW,1,40:45,8,12,.667,0,0,,4,6,.667,2,7,9,1,2,1,2,2,20,18.1,+8
55,51,2012-03-31,27-054,NJN,W (+12),SAC,1,36:58,6,11,.545,0,0,,2,3,.667,5,7,12,2,2,2,6,4,14,11.1,+12
56,52,2012-04-03,27-057,NJN,L (-4),LAL,1,39:18,8,15,.533,0,0,,2,2,1.000,7,8,15,3,2,1,1,0,18,21.8,0
57,53,2012-04-04,27-058,NJN,L (-13),POR,1,38:54,7,13,.538,0,0,,7,7,1.000,4,7,11,1,1,1,3,2,21,18.2,-11
58,54,2012-04-06,27-060,NJN,W (+12),WAS,1,28:12,3,10,.300,0,0,,2,4,.500,4,8,12,3,1,1,0,3,8,9.2,+17
59,55,2012-04-08,27-062,NJN,W (+5),CLE,1,39:06,6,15,.400,0,0,,4,4,1.000,4,7,11,3,1,1,1,1,16,15.2,+2
60,56,2012-04-10,27-064,NJN,L (-19),PHI,1,31:19,7,18,.389,0,0,,6,7,.857,2,8,10,4,1,0,1,3,20,15.2,-13
61,57,2012-04-13,27-067,NJN,W (+6),PHI,1,39:50,7,14,.500,0,0,,4,4,1.000,3,10,13,1,2,1,0,3,18,18.3,+10
62,,,,,,,,,,,,,,,,,,,,,,,,,,,,
63,58,2012-04-14,27-068,NJN,L (-12),BOS,1,33:58,3,9,.333,0,0,,0,0,,1,9,10,0,0,1,0,4,6,3.4,-11
64,59,2012-04-16,27-070,NJN,L (-3),MIA,1,40:13,12,16,.750,0,0,,5,8,.625,2,6,8,2,0,1,0,3,29,25.5,-4
65,60,2012-04-18,27-072,NJN,L (-9),NYK,1,38:23,2,11,.182,0,0,,4,4,1.000,7,8,15,4,1,2,4,1,8,9.2,-14
66,61,2012-04-21,27-075,NJN,L (-11),MIL,1,33:40,6,11,.545,0,0,,0,1,.000,2,5,7,3,2,1,3,4,12,9.4,-12
67,62,2012-04-23,27-077,NJN,L (-18),PHI,1,30:36,3,7,.429,0,0,,10,12,.833,5,7,12,1,0,0,2,2,16,15.0,-11
68,,2012-04-26,27-080,NJN,L (-31),TOR,Did Not Dress,,,,,,,,,,,,,,,,,,,,,
0,1,2012-11-03,27-271,BRK,W (+7),TOR,1,22:47,1,5,.200,0,0,,3,4,.750,0,5,5,1,0,0,0,1,5,3.3,+6
1,2,2012-11-05,27-273,BRK,L (-11),MIN,1,22:53,1,2,.500,0,0,,0,1,.000,0,4,4,1,0,1,3,2,2,-0.6,+7
2,3,2012-11-07,27-275,BRK,L (-30),MIA,1,24:14,4,8,.500,0,0,,3,6,.500,5,6,11,1,0,0,1,2,11,10.0,-12
3,4,2012-11-09,27-277,BRK,W (+39),ORL,1,19:43,3,7,.429,0,0,,2,2,1.000,2,6,8,1,0,1,1,2,8,7.1,+12
4,5,2012-11-11,27-279,BRK,W (+8),ORL,1,34:01,6,11,.545,0,0,,2,2,1.000,6,15,21,0,0,1,1,5,14,15.1,-1
5,6,2012-11-13,27-281,BRK,W (+13),CLE,1,27:13,4,5,.800,0,0,,4,6,.667,3,3,6,1,0,1,1,5,12,10.7,+4
6,7,2012-11-15,27-283,BRK,W (+5),BOS,1,26:34,3,8,.375,0,0,,4,4,1.000,3,10,13,1,0,1,0,3,10,10.9,+18
7,8,2012-11-18,27-286,BRK,W (+9),SAC,1,25:59,3,6,.500,0,0,,0,0,,3,7,10,0,3,2,0,3,6,10.4,+10
8,9,2012-11-20,27-288,BRK,L (-5),LAL,1,27:29,2,10,.200,0,0,,3,4,.750,3,7,10,0,0,0,1,5,7,1.6,-3
9,10,2012-11-21,27-289,BRK,L (-9),GSW,1,27:12,5,6,.833,0,0,,0,0,,1,5,6,1,0,1,0,1,10,11.0,-6
10,11,2012-11-23,27-291,BRK,W (+10),LAC,1,23:43,0,2,.000,0,0,,2,2,1.000,2,1,3,1,0,0,1,3,2,0.8,-1
11,12,2012-11-25,27-293,BRK,W (+13),POR,1,23:38,7,9,.778,0,0,,0,1,.000,4,6,10,1,2,1,1,1,14,16.7,+10
12,13,2012-11-26,27-294,BRK,W (+7),NYK,1,18:57,2,3,.667,0,0,,0,0,,1,4,5,0,0,0,0,1,4,4.2,-2
13,14,2012-11-28,27-296,BRK,W (+12),BOS,1,12:53,1,3,.333,0,0,,1,2,.500,1,3,4,0,0,2,0,2,3,3.1,-3
14,15,2012-11-30,27-298,BRK,W (+12),ORL,1,32:42,4,12,.333,0,0,,3,3,1.000,3,4,7,0,0,2,0,4,11,7.3,+5
15,16,2012-12-01,27-299,BRK,L (-13),MIA,1,23:17,4,8,.500,0,0,,3,4,.750,2,5,7,1,1,2,0,2,11,11.8,-4
16,17,2012-12-04,27-302,BRK,L (-6),OKC,1,35:34,5,9,.556,0,0,,2,4,.500,4,8,12,0,1,0,2,3,12,9.9,-8
17,18,2012-12-07,27-305,BRK,L (-7),GSW,1,22:46,1,3,.333,0,0,,2,2,1.000,2,2,4,2,0,0,0,2,4,4.9,-5
18,19,2012-12-09,27-307,BRK,L (-9),MIL,0,25:20,2,8,.250,0,0,,0,0,,1,6,7,1,0,2,3,2,4,0.0,+1
19,20,2012-12-11,27-309,BRK,L (-3),NYK,0,8:15,0,0,,0,0,,2,4,.500,1,1,2,0,0,0,0,2,2,1.4,-5
20,,,,,,,,,,,,,,,,,,,,,,,,,,,,
21,21,2012-12-12,27-310,BRK,W (+6),TOR,0,17:46,1,1,1.000,0,0,,9,10,.900,0,2,2,0,0,0,1,2,11,9.1,+7
22,22,2012-12-14,27-312,BRK,W (+2),DET,0,15:32,0,5,.000,0,0,,0,0,,1,4,5,0,0,0,0,3,0,-2.8,-16
23,23,2012-12-15,27-313,BRK,L (-1),CHI,0,16:36,2,5,.400,0,1,.000,2,2,1.000,1,3,4,0,0,0,0,2,6,4.1,+2
24,24,2012-12-18,27-316,BRK,L (-2),UTA,1,28:11,3,5,.600,0,0,,2,2,1.000,6,5,11,1,0,0,2,2,8,9.3,-11
25,25,2012-12-19,27-317,BRK,L (-14),NYK,1,17:38,0,3,.000,0,0,,0,0,,2,7,9,0,0,0,0,2,0,0.6,-8
26,,2012-12-23,27-321,BRK,W (+3),PHI,Did Not Play,,,,,,,,,,,,,,,,,,,,,
27,,2012-12-25,27-323,BRK,L (-17),BOS,Inactive,,,,,,,,,,,,,,,,,,,,,
28,,2012-12-26,27-324,BRK,L (-15),MIL,Inactive,,,,,,,,,,,,,,,,,,,,,
29,,2012-12-28,27-326,BRK,W (+16),CHA,Inactive,,,,,,,,,,,,,,,,,,,,,
30,,2012-12-29,27-327,BRK,W (+3),CLE,Inactive,,,,,,,,,,,,,,,,,,,,,
31,26,2012-12-31,27-329,BRK,L (-31),SAS,0,22:24,2,2,1.000,0,0,,3,4,.750,0,3,3,0,0,1,1,0,7,6.6,-7
32,27,2013-01-02,27-331,BRK,W (+17),OKC,0,25:15,4,10,.400,0,0,,3,4,.750,3,4,7,1,1,1,2,1,11,8.5,+10
33,,2013-01-04,27-333,BRK,W (+2),WAS,Inactive,,,,,,,,,,,,,,,,,,,,,
34,,2013-01-05,27-334,BRK,W (+20),SAC,Inactive,,,,,,,,,,,,,,,,,,,,,
35,28,2013-01-08,27-337,BRK,W (+20),PHI,0,10:22,0,2,.000,0,0,,2,2,1.000,2,1,3,0,0,0,0,2,2,1.5,-8
36,,2013-01-11,27-340,BRK,W (+20),PHO,Did Not Dress,,,,,,,,,,,,,,,,,,,,,
37,29,2013-01-13,27-342,BRK,W (+11),IND,0,17:20,4,7,.571,0,0,,2,2,1.000,5,4,9,0,0,0,3,2,10,7.6,+11
38,30,2013-01-15,27-344,BRK,W (+7),TOR,0,4:34,0,1,.000,0,0,,0,0,,0,1,1,0,0,0,0,2,0,-1.2,-4
39,31,2013-01-16,27-345,BRK,L (-14),ATL,0,17:59,4,8,.500,0,0,,2,2,1.000,5,2,7,0,1,0,1,3,10,8.9,+5
40,32,2013-01-18,27-347,BRK,W (+5),ATL,0,5:58,0,1,.000,0,0,,1,2,.500,0,2,2,0,0,0,1,2,1,-1.3,+2
41,,,,,,,,,,,,,,,,,,,,,,,,,,,,
42,33,2013-01-21,27-350,BRK,W (+3),NYK,0,27:22,5,8,.625,0,0,,1,1,1.000,5,8,13,1,0,0,3,2,11,10.2,+4
43,34,2013-01-23,27-352,BRK,W (+8),MIN,0,21:04,1,5,.200,0,0,,0,0,,4,4,8,2,0,0,1,2,2,2.5,-6
44,35,2013-01-25,27-354,BRK,L (-24),MEM,0,19:13,0,4,.000,0,1,.000,2,2,1.000,1,5,6,1,1,2,1,2,2,2.7,-12
45,36,2013-01-26,27-355,BRK,L (-13),HOU,0,11:12,1,1,1.000,0,0,,2,2,1.000,0,0,0,0,0,0,0,1,4,3.3,+1
46,37,2013-01-28,27-357,BRK,W (+20),ORL,0,16:37,0,4,.000,0,0,,3,4,.750,3,4,7,0,1,0,1,3,3,1.9,+20
47,38,2013-01-30,27-359,BRK,L (-20),MIA,0,2:07,0,0,,0,0,,0,0,,0,0,0,0,0,0,0,0,0,0.0,+2
48,39,2013-02-01,27-361,BRK,W (+4),CHI,0,6:34,0,1,.000,0,0,,1,2,.500,1,1,2,0,0,1,0,0,1,1.6,-4
49,40,2013-02-05,27-365,BRK,L (-9),LAL,0,20:40,2,6,.333,0,0,,0,0,,4,5,9,0,0,0,0,2,4,4.1,-11
50,41,2013-02-06,28-000,BRK,W (+3),DET,0,6:17,0,1,.000,0,0,,0,0,,1,0,1,0,0,0,0,0,0,0.0,-3
51,42,2013-02-08,28-002,BRK,L (-15),WAS,0,8:47,1,2,.500,0,0,,0,0,,0,3,3,0,0,1,2,1,2,0.2,-15
52,43,2013-02-10,28-004,BRK,L (-25),SAS,0,20:06,4,7,.571,0,0,,0,0,,1,6,7,1,0,0,2,3,8,4.7,-4
53,44,2013-02-11,28-005,BRK,W (+5),IND,0,5:02,0,1,.000,0,0,,0,0,,0,0,0,0,0,0,0,1,0,-1.1,-10
54,45,2013-02-13,28-007,BRK,W (+11),DEN,0,19:52,5,8,.625,0,0,,4,4,1.000,2,2,4,0,0,0,1,1,14,11.0,-9
55,46,2013-02-19,28-013,BRK,W (+2),MIL,0,23:08,3,6,.500,0,0,,2,2,1.000,3,4,7,2,0,0,2,3,8,6.5,0
56,47,2013-02-20,28-014,BRK,W (+3),MIL,0,12:21,1,2,.500,0,0,,1,1,1.000,0,5,5,0,0,1,0,2,3,3.4,+14
57,48,2013-02-22,28-016,BRK,L (-10),HOU,0,5:11,0,1,.000,0,0,,0,0,,1,4,5,0,0,0,1,1,0,-0.2,-4
58,49,2013-02-24,28-018,BRK,L (-4),MEM,0,7:37,0,1,.000,0,0,,0,2,.000,0,0,0,0,0,0,0,1,0,-1.9,-2
59,50,2013-02-26,28-020,BRK,W (+4),NOH,0,21:03,1,2,.500,0,0,,0,0,,3,3,6,2,0,0,2,1,2,3.0,+12
60,51,2013-03-01,28-023,BRK,L (-8),DAL,0,13:54,1,1,1.000,0,0,,0,2,.000,0,6,6,1,0,0,0,2,2,2.6,+4
61,52,2013-03-02,28-024,BRK,L (-11),CHI,0,2:16,0,1,.000,0,0,,0,0,,0,0,0,0,0,0,1,0,0,-1.7,-3
62,,,,,,,,,,,,,,,,,,,,,,,,,,,,
63,,2013-03-06,28-028,BRK,W (+21),CHA,Did Not Play,,,,,,,,,,,,,,,,,,,,,
64,,2013-03-08,28-030,BRK,W (+17),WAS,Did Not Play,,,,,,,,,,,,,,,,,,,,,
65,,2013-03-09,28-031,BRK,W (+13),ATL,Did Not Play,,,,,,,,,,,,,,,,,,,,,
66,,2013-03-11,28-033,BRK,L (-9),PHI,Did Not Play,,,,,,,,,,,,,,,,,,,,,
67,,2013-03-12,28-034,BRK,W (+10),NOH,Did Not Play,,,,,,,,,,,,,,,,,,,,,
68,,2013-03-17,28-039,BRK,L (-12),ATL,Did Not Play,,,,,,,,,,,,,,,,,,,,,
69,,2013-03-18,28-040,BRK,W (+37),DET,Did Not Dress,,,,,,,,,,,,,,,,,,,,,
70,,2013-03-20,28-042,BRK,W (+17),DAL,Did Not Dress,,,,,,,,,,,,,,,,,,,,,
71,53,2013-03-23,28-045,BRK,L (-6),LAC,0,10:28,0,1,.000,0,0,,0,0,,2,0,2,1,1,1,1,3,0,0.9,0
72,54,2013-03-24,28-046,BRK,W (+2),PHO,0,27:40,6,12,.500,0,0,,5,5,1.000,3,5,8,1,1,1,2,1,17,14.6,+6
73,55,2013-03-27,28-049,BRK,W (+18),POR,0,12:53,2,6,.333,0,0,,0,0,,1,2,3,0,0,0,0,3,4,0.7,-11
74,56,2013-03-29,28-051,BRK,L (-22),DEN,0,14:45,2,2,1.000,0,0,,2,2,1.000,0,2,2,0,0,2,1,0,6,6.4,-17
75,57,2013-03-30,28-052,BRK,L (-9),UTA,0,17:45,4,8,.500,0,0,,0,0,,2,2,4,1,0,2,0,1,8,7.7,+2
76,58,2013-04-03,28-056,BRK,W (+18),CLE,0,20:53,1,3,.333,0,0,,0,0,,0,3,3,0,0,1,1,0,2,0.9,-5
77,59,2013-04-04,28-057,BRK,L (-2),CHI,0,13:07,1,3,.333,0,0,,0,0,,0,2,2,0,0,0,0,3,2,-0.3,-5
78,,2013-04-06,28-059,BRK,W (+9),CHA,Inactive,,,,,,,,,,,,,,,,,,,,,
79,60,2013-04-09,28-062,BRK,W (+21),PHI,0,18:12,4,7,.571,0,0,,1,1,1.000,5,2,7,0,0,1,3,0,9,7.5,-8
80,61,2013-04-10,28-063,BRK,W (+8),BOS,0,14:41,1,2,.500,0,0,,4,4,1.000,2,2,4,0,1,0,1,1,6,6.6,+1
81,62,2013-04-12,28-065,BRK,W (+8),IND,0,15:21,1,2,.500,0,0,,2,2,1.000,2,2,4,0,0,0,0,5,4,3.0,-14
82,63,2013-04-14,28-067,BRK,L (-6),TOR,0,11:54,1,4,.250,0,0,,0,0,,0,3,3,0,0,0,0,1,2,0.1,-2
83,,,,,,,,,,,,,,,,,,,,,,,,,,,,
84,64,2013-04-15,28-068,BRK,W (+5),WAS,1,34:23,8,17,.471,0,0,,4,4,1.000,6,3,9,2,1,0,1,3,20,16.6,-9
85,65,2013-04-17,28-070,BRK,W (+4),DET,0,24:00,5,6,.833,0,0,,1,2,.500,2,5,7,2,1,1,4,4,11,8.8,-12
0,1,2013-10-30,28-266,BOS,L (-6),TOR,0,20:48,3,4,.750,0,0,,2,3,.667,2,7,9,0,0,2,2,2,8,8.1,+12
1,,2013-11-01,28-268,BOS,L (-7),MIL,Did Not Play,,,,,,,,,,,,,,,,,,,,,
2,,2013-11-03,28-270,BOS,L (-10),DET,Did Not Play,,,,,,,,,,,,,,,,,,,,,
3,,2013-11-04,28-271,BOS,L (-7),MEM,Did Not Play,,,,,,,,,,,,,,,,,,,,,
4,2,2013-11-06,28-273,BOS,W (+10),UTA,0,5:42,1,3,.333,0,0,,0,0,,0,0,0,0,0,0,1,0,2,-0.7,+3
5,3,2013-11-08,28-275,BOS,W (+2),ORL,0,0:51,0,0,,0,0,,0,0,,0,0,0,0,0,0,0,1,0,-0.4,+3
6,4,2013-11-09,28-276,BOS,W (+1),MIA,0,18:34,3,5,.600,0,0,,3,3,1.000,1,4,5,0,0,2,0,0,9,10.0,+7
7,,2013-11-11,28-278,BOS,W (+15),ORL,Did Not Play,,,,,,,,,,,,,,,,,,,,,
8,5,2013-11-13,28-280,BOS,L (-6),CHA,0,9:47,0,1,.000,0,0,,1,2,.500,0,0,0,0,0,0,0,0,1,-0.1,-2
9,,2013-11-15,28-282,BOS,L (-13),POR,Did Not Play,,,,,,,,,,,,,,,,,,,,,
10,6,2013-11-16,28-283,BOS,L (-18),MIN,0,10:52,1,2,.500,0,0,,2,2,1.000,0,3,3,0,0,0,0,2,4,3.1,0
11,7,2013-11-19,28-286,BOS,L (-24),HOU,0,14:08,2,4,.500,0,1,.000,2,2,1.000,1,5,6,0,0,2,0,1,6,7.2,+3
12,8,2013-11-20,28-287,BOS,L (-11),SAS,0,4:53,2,2,1.000,0,0,,0,0,,0,1,1,1,0,1,1,1,4,3.7,-7
13,9,2013-11-22,28-289,BOS,L (-15),IND,0,15:40,1,3,.333,0,0,,2,2,1.000,1,1,2,1,0,0,0,1,4,3.6,+3
14,10,2013-11-23,28-290,BOS,W (+7),ATL,0,16:30,1,3,.333,0,0,,0,0,,1,7,8,0,0,1,2,2,2,1.0,-17
15,11,2013-11-25,28-292,BOS,W (+10),CHA,0,16:20,2,4,.500,0,0,,0,0,,2,3,5,0,0,1,0,1,4,4.6,+17
16,12,2013-11-27,28-294,BOS,L (-7),MEM,0,16:21,4,10,.400,0,0,,0,0,,3,3,6,0,0,1,0,1,8,5.9,-10
17,13,2013-11-29,28-296,BOS,W (+17),CLE,0,18:09,4,6,.667,0,0,,1,1,1.000,0,4,4,1,0,1,2,2,9,6.2,-6
18,14,2013-11-30,28-297,BOS,L (-7),MIL,0,13:28,1,4,.250,0,0,,0,0,,2,2,4,0,0,1,2,2,2,-0.5,-20
19,15,2013-12-03,28-300,BOS,W (+8),MIL,0,20:07,2,5,.400,0,0,,1,2,.500,1,7,8,3,1,1,0,2,5,7.7,+12
20,,,,,,,,,,,,,,,,,,,,,,,,,,,,
21,16,2013-12-06,28-303,BOS,W (+8),DEN,0,23:32,8,11,.727,0,0,,2,2,1.000,1,6,7,2,1,1,1,1,18,17.7,+26
22,17,2013-12-08,28-305,BOS,W (+41),NYK,0,24:54,2,5,.400,0,0,,2,2,1.000,1,6,7,2,0,1,2,2,6,5.1,+5
23,18,2013-12-10,28-307,BOS,L (-8),BRK,0,16:38,2,4,.500,0,0,,0,0,,2,0,2,1,2,0,0,3,4,4.9,-1
24,,2013-12-11,28-308,BOS,L (-8),LAC,Did Not Dress,,,,,,,,,,,,,,,,,,,,,
25,,2013-12-13,28-310,BOS,W (+4),NYK,Did Not Dress,,,,,,,,,,,,,,,,,,,,,
26,19,2013-12-16,28-313,BOS,W (+4),MIN,0,21:11,4,5,.800,0,0,,0,0,,2,5,7,2,1,0,0,2,8,10.6,+14
27,20,2013-12-18,28-315,BOS,L (-1),DET,0,17:51,4,6,.667,0,0,,2,2,1.000,1,2,3,0,0,1,4,3,10,4.2,+1
28,21,2013-12-21,28-318,BOS,L (-7),WAS,0,16:14,4,6,.667,0,0,,0,1,.000,1,4,5,3,0,0,1,2,8,7.2,0
29,22,2013-12-22,28-319,BOS,L (-27),IND,0,18:36,4,6,.667,0,0,,0,0,,1,3,4,0,1,0,0,1,8,7.6,-7
30,23,2013-12-28,28-325,BOS,W (+3),CLE,0,17:19,4,7,.571,0,0,,2,2,1.000,1,2,3,1,0,0,1,1,10,7.3,+2
31,24,2013-12-31,28-328,BOS,L (-1),ATL,0,28:09,7,13,.538,0,0,,4,4,1.000,0,10,10,1,0,0,0,4,18,13.8,+15
32,25,2014-01-02,28-330,BOS,L (-12),CHI,0,25:33,4,10,.400,0,0,,1,2,.500,1,10,11,3,2,4,0,5,9,11.8,-2
33,26,2014-01-03,28-331,BOS,L (-3),NOP,0,23:40,2,6,.333,0,0,,3,4,.750,6,6,12,3,0,1,1,3,7,9.8,-7
34,27,2014-01-05,28-333,BOS,L (-23),OKC,0,23:01,5,8,.625,0,0,,4,4,1.000,1,2,3,2,0,3,1,1,14,13.8,-12
35,,2014-01-07,28-335,BOS,L (-31),DEN,Did Not Dress,,,,,,,,,,,,,,,,,,,,,
36,28,2014-01-08,28-336,BOS,L (-6),LAC,1,31:36,3,5,.600,0,0,,0,0,,4,4,8,4,0,0,2,6,6,6.1,-10
37,29,2014-01-10,28-338,BOS,L (-2),GSW,1,35:31,5,10,.500,0,0,,6,6,1.000,3,11,14,0,2,3,0,2,16,19.7,+2
38,30,2014-01-11,28-339,BOS,L (-8),POR,1,29:42,4,8,.500,0,0,,2,2,1.000,3,5,8,2,2,3,1,4,10,12.5,-4
39,31,2014-01-13,28-341,BOS,L (-12),HOU,1,20:50,2,7,.286,0,0,,0,0,,2,6,8,2,0,3,1,1,4,5.2,-15
40,32,2014-01-15,28-343,BOS,W (+5),TOR,1,24:45,5,10,.500,0,0,,2,2,1.000,4,4,8,0,0,1,1,2,12,9.9,-6
41,,,,,,,,,,,,,,,,,,,,,,,,,,,,
42,33,2014-01-17,28-345,BOS,L (-3),LAL,1,11:13,1,4,.250,0,0,,0,0,,3,3,6,1,0,0,1,2,2,1.5,-12
43,34,2014-01-19,28-347,BOS,L (-2),ORL,1,28:35,8,15,.533,0,0,,2,2,1.000,5,7,12,0,0,2,1,3,18,15.5,+11
44,35,2014-01-21,28-349,BOS,L (-7),MIA,1,28:36,7,10,.700,0,0,,0,0,,4,9,13,2,1,0,2,4,14,14.1,-1
45,36,2014-01-22,28-350,BOS,W (+2),WAS,1,34:56,3,10,.300,0,1,.000,2,2,1.000,0,6,6,3,2,3,0,1,8,9.8,+4
46,37,2014-01-24,28-352,BOS,L (-18),OKC,1,18:08,3,5,.600,0,0,,2,2,1.000,1,3,4,0,0,0,0,1,8,6.9,-14
47,38,2014-01-26,28-354,BOS,L (-6),BRK,0,18:29,2,5,.400,0,0,,2,2,1.000,0,5,5,1,0,0,0,3,6,4.3,+2
48,39,2014-01-28,28-356,BOS,L (-26),NYK,0,21:47,3,7,.429,0,0,,6,8,.750,2,3,5,0,1,0,2,4,12,7.2,-8
49,40,2014-01-29,28-357,BOS,L (-1),PHI,0,21:34,3,5,.600,0,0,,7,8,.875,3,6,9,0,0,1,1,1,13,13.5,+6
50,41,2014-02-02,28-361,BOS,W (+7),ORL,0,13:16,1,4,.250,0,0,,0,0,,1,2,3,0,0,0,2,1,2,-1.5,+7
51,42,2014-02-05,28-364,BOS,W (+6),PHI,0,13:01,1,4,.250,0,0,,1,2,.500,2,5,7,1,1,1,1,1,3,4.1,-4
52,43,2014-02-07,29-001,BOS,W (+10),SAC,0,7:12,0,1,.000,0,0,,0,0,,0,1,1,0,1,0,2,2,0,-2.2,+6
53,44,2014-02-09,29-003,BOS,L (-11),DAL,0,23:22,5,12,.417,0,0,,0,0,,0,3,3,0,0,1,0,2,10,4.4,-7
54,45,2014-02-10,29-004,BOS,W (+16),MIL,0,14:39,2,4,.500,0,0,,0,0,,1,2,3,0,0,0,1,3,4,1.1,+11
55,46,2014-02-12,29-006,BOS,L (-12),SAS,0,22:35,5,9,.556,0,0,,5,6,.833,0,6,6,2,0,1,1,3,15,12.0,+6
56,47,2014-02-19,29-013,BOS,L (-6),PHO,0,11:39,2,6,.333,0,0,,1,4,.250,2,1,3,0,0,0,2,3,5,-1.1,-20
57,48,2014-02-21,29-015,BOS,L (-9),LAL,0,15:36,2,3,.667,0,0,,2,2,1.000,0,2,2,0,1,0,1,1,6,4.9,-21
58,49,2014-02-22,29-016,BOS,L (-7),SAC,1,36:26,9,15,.600,0,0,,1,1,1.000,4,4,8,4,2,2,3,3,19,18.1,-6
59,50,2014-02-24,29-018,BOS,L (-12),UTA,1,20:28,4,10,.400,0,0,,1,1,1.000,1,2,3,0,0,0,2,1,9,2.5,-9
60,51,2014-02-26,29-020,BOS,W (+11),ATL,1,16:57,4,8,.500,0,0,,2,2,1.000,2,3,5,0,1,0,0,2,10,8.5,-5
61,52,2014-03-01,29-023,BOS,L (-5),IND,1,36:39,7,15,.467,0,0,,4,5,.800,4,6,10,2,0,2,1,2,18,15.5,-7
62,,,,,,,,,,,,,,,,,,,,,,,,,,,,
63,53,2014-03-05,29-027,BOS,L (-20),GSW,1,15:45,1,5,.200,0,0,,0,0,,0,3,3,0,0,1,3,0,2,-2.5,-12
64,54,2014-03-07,29-029,BOS,W (+7),BRK,1,26:15,2,6,.333,0,0,,3,4,.750,1,6,7,1,1,2,3,2,7,5.0,-1
65,55,2014-03-09,29-031,BOS,W (+7),DET,1,27:11,9,13,.692,0,0,,2,2,1.000,4,7,11,2,2,2,1,3,20,22.0,+5
66,56,2014-03-11,29-033,BOS,L (-11),IND,1,25:50,6,10,.600,0,0,,3,4,.750,4,5,9,0,1,0,1,2,15,13.5,-9
67,57,2014-03-12,29-034,BOS,L (-24),NYK,1,20:45,6,9,.667,0,0,,3,5,.600,5,0,5,2,0,1,0,1,15,15.5,-9
68,58,2014-03-14,29-036,BOS,L (-7),PHO,1,24:50,5,8,.625,0,0,,1,2,.500,3,10,13,1,0,0,1,2,11,11.0,+3
69,59,2014-03-16,29-038,BOS,L (-1),NOP,1,35:39,6,13,.462,0,0,,4,6,.667,5,7,12,3,1,3,0,3,16,18.1,-7
70,60,2014-03-17,29-039,BOS,L (-5),DAL,1,23:35,2,8,.250,0,0,,1,2,.500,7,7,14,1,1,1,0,3,5,8.0,-12
71,61,2014-03-19,29-041,BOS,W (+5),MIA,1,14:33,2,4,.500,0,0,,3,4,.750,1,1,2,1,0,0,0,2,7,5.5,0
72,62,2014-03-21,29-043,BOS,L (-16),BRK,1,24:04,4,11,.364,0,0,,4,4,1.000,5,3,8,0,1,1,2,1,12,9.6,-16
73,63,2014-03-26,29-048,BOS,L (-9),TOR,1,16:41,1,6,.167,0,0,,2,2,1.000,1,3,4,1,0,1,0,1,4,2.8,-7
74,64,2014-03-28,29-050,BOS,L (-2),TOR,1,19:06,3,6,.500,0,0,,2,2,1.000,0,4,4,2,0,1,2,4,8,4.7,+4
75,65,2014-03-30,29-052,BOS,L (-5),CHI,1,22:17,4,5,.800,0,0,,6,8,.750,1,7,8,1,1,0,0,3,14,14.6,-4
76,66,2014-03-31,29-053,BOS,L (-14),CHI,1,25:23,5,7,.714,0,0,,1,2,.500,1,2,3,1,1,0,2,2,11,7.9,-29
77,67,2014-04-02,29-055,BOS,L (-26),WAS,1,10:44,3,5,.600,0,0,,0,0,,1,0,1,0,0,0,0,0,6,4.4,-10
78,68,2014-04-04,29-057,BOS,L (-9),PHI,1,15:24,2,5,.400,0,0,,0,0,,3,0,3,1,0,1,0,2,4,4.0,-10
79,,2014-04-05,29-058,BOS,L (-4),DET,Not With Team,,,,,,,,,,,,,,,,,,,,,
80,,2014-04-09,29-062,BOS,L (-8),ATL,Not With Team,,,,,,,,,,,,,,,,,,,,,
81,69,2014-04-11,29-064,BOS,W (+3),CHA,0,11:26,2,5,.400,0,0,,0,0,,2,5,7,0,0,0,0,1,4,3.8,0
82,,2014-04-12,29-065,BOS,W (+12),CLE,Did Not Play,,,,,,,,,,,,,,,,,,,,,
83,,,,,,,,,,,,,,,,,,,,,,,,,,,,
84,,2014-04-14,29-067,BOS,L (-5),PHI,Did Not Dress,,,,,,,,,,,,,,,,,,,,,
85,,2014-04-16,29-069,BOS,L (-16),WAS,Did Not Dress,,,,,,,,,,,,,,,,,,,,,
0,1,2014-10-29,29-265,WAS,L (-12),MIA,0,13:21,2,6,.333,0,0,,0,0,,0,2,2,0,0,0,2,3,4,-2.0,-9
1,2,2014-10-30,29-266,WAS,W (+7),ORL,0,2:48,0,1,.000,0,0,,0,0,,0,0,0,0,0,0,0,0,0,-0.7,-1
2,3,2014-11-01,29-268,WAS,W (+11),MIL,0,7:05,0,2,.000,0,0,,0,0,,1,0,1,2,1,0,1,1,0,0.3,-4
3,,2014-11-04,29-271,WAS,W (+15),NYK,Did Not Play,,,,,,,,,,,,,,,,,,,,,
4,4,2014-11-05,29-272,WAS,W (+2),IND,0,1:46,0,2,.000,0,0,,0,0,,0,0,0,0,0,0,0,0,0,-1.4,-2
5,5,2014-11-07,29-274,WAS,L (-19),TOR,0,15:25,3,7,.429,0,1,.000,5,7,.714,1,4,5,1,0,1,1,2,11,8.0,+1
6,6,2014-11-08,29-275,WAS,W (+7),IND,0,19:03,3,5,.600,0,0,,1,2,.500,3,6,9,3,1,1,0,1,7,11.6,-3
7,7,2014-11-12,29-279,WAS,W (+4),DET,0,24:44,5,10,.500,0,1,.000,2,4,.500,2,7,9,1,0,2,1,0,12,10.8,-6
8,8,2014-11-15,29-282,WAS,W (+5),ORL,0,26:21,8,12,.667,0,0,,0,0,,3,3,6,0,0,1,1,3,16,12.3,+3
9,9,2014-11-19,29-286,WAS,L (-3),DAL,0,21:15,1,5,.200,0,1,.000,7,8,.875,2,4,6,1,0,0,0,2,9,8.0,-4
10,10,2014-11-21,29-288,WAS,W (+13),CLE,0,19:55,2,6,.333,0,0,,0,0,,2,3,5,1,0,0,1,3,4,1.4,+9
11,11,2014-11-22,29-289,WAS,W (+11),MIL,0,20:17,6,9,.667,0,0,,0,0,,3,6,9,1,0,1,2,1,12,11.0,-3
12,12,2014-11-25,29-292,WAS,L (-4),ATL,1,22:21,2,7,.286,0,0,,3,6,.500,3,7,10,0,0,0,0,1,7,5.5,-6
13,13,2014-11-26,29-293,WAS,L (-26),CLE,1,22:55,1,7,.143,0,0,,1,2,.500,0,3,3,1,0,1,1,3,3,-1.8,-20
14,14,2014-11-29,29-296,WAS,W (+3),NOP,1,25:37,3,6,.500,0,0,,2,2,1.000,2,9,11,0,1,0,1,3,8,7.9,+4
15,15,2014-12-01,29-298,WAS,W (+21),MIA,1,23:39,3,7,.429,0,0,,2,2,1.000,1,4,5,1,1,0,1,1,8,6.5,+6
16,16,2014-12-03,29-300,WAS,W (+16),LAL,1,29:58,3,7,.429,0,0,,0,0,,4,16,20,1,2,1,1,3,6,11.1,+25
17,17,2014-12-05,29-302,WAS,W (+30),DEN,1,25:41,7,11,.636,0,0,,6,8,.750,3,1,4,0,1,1,1,2,20,16.6,+15
18,18,2014-12-07,29-304,WAS,L (-8),BOS,1,31:44,4,10,.400,0,1,.000,0,0,,5,9,14,1,1,1,2,4,8,7.6,-16
19,19,2014-12-08,29-305,WAS,W (+1),BOS,1,43:00,8,16,.500,0,0,,1,2,.500,2,7,9,0,2,1,3,5,17,9.8,+10
20,,,,,,,,,,,,,,,,,,,,,,,,,,,,
21,20,2014-12-10,29-307,WAS,W (+2),ORL,1,28:16,5,12,.417,0,0,,1,2,.500,1,2,3,1,2,0,1,2,11,6.4,+2
22,21,2014-12-12,29-309,WAS,W (+8),LAC,1,26:54,4,11,.364,0,0,,3,3,1.000,2,6,8,1,3,1,3,3,11,8.3,+8
23,22,2014-12-14,29-311,WAS,W (+9),UTA,1,25:30,1,4,.250,0,0,,0,0,,0,4,4,1,0,1,0,3,2,1.0,+9
24,23,2014-12-16,29-313,WAS,W (+14),MIN,1,26:56,2,3,.667,0,0,,2,2,1.000,1,9,10,0,0,2,0,3,6,8.3,+8
25,24,2014-12-19,29-316,WAS,W (+2),MIA,1,13:29,2,7,.286,0,0,,0,0,,2,0,2,1,0,0,1,1,4,0.6,-12
26,25,2014-12-21,29-318,WAS,L (-12),PHO,1,20:12,2,4,.500,0,0,,0,0,,0,2,2,0,0,0,0,3,4,1.4,-1
27,26,2014-12-23,29-320,WAS,L (-8),CHI,1,20:31,4,9,.444,0,0,,0,0,,1,3,4,2,1,0,0,1,8,6.9,-2
28,27,2014-12-25,29-322,WAS,W (+11),NYK,0,29:15,7,9,.778,0,0,,0,0,,1,5,6,2,0,1,0,3,14,13.6,+7
29,28,2014-12-27,29-324,WAS,W (+13),BOS,0,24:26,9,14,.643,0,0,,0,0,,3,6,9,3,2,0,0,3,18,18.6,+9
30,29,2014-12-29,29-326,WAS,W (+1),HOU,0,12:06,0,6,.000,0,0,,0,0,,0,1,1,2,0,0,1,4,0,-5.1,-5
31,30,2014-12-30,29-327,WAS,L (-27),DAL,0,21:50,4,5,.800,0,0,,3,4,.750,2,5,7,3,0,0,0,3,11,12.5,-24
32,31,2015-01-02,29-330,WAS,L (-7),OKC,0,23:47,4,8,.500,0,0,,0,1,.000,4,3,7,3,0,0,1,1,8,8.0,-11
33,32,2015-01-03,29-331,WAS,L (-9),SAS,0,20:13,5,8,.625,0,0,,0,0,,1,7,8,0,1,0,0,1,10,9.8,+1
34,33,2015-01-05,29-333,WAS,W (+7),NOP,0,25:06,5,11,.455,0,0,,0,0,,3,2,5,1,0,1,1,3,10,6.2,-1
35,34,2015-01-07,29-335,WAS,W (+10),NYK,0,21:53,3,8,.375,0,0,,0,0,,2,5,7,1,0,0,1,2,6,3.4,-4
36,35,2015-01-09,29-337,WAS,W (+16),CHI,0,19:26,2,7,.286,0,0,,5,6,.833,1,6,7,0,1,1,1,3,9,6.5,-9
37,36,2015-01-11,29-339,WAS,L (-31),ATL,0,12:42,1,4,.250,0,0,,1,1,1.000,0,2,2,0,1,1,0,2,3,2.1,-14
38,37,2015-01-13,29-341,WAS,W (+8),SAS,0,24:28,5,10,.500,0,0,,0,0,,2,6,8,1,1,1,0,2,10,9.8,-3
39,38,2015-01-14,29-342,WAS,W (+6),CHI,0,18:11,3,5,.600,0,0,,2,2,1.000,4,5,9,0,0,1,2,3,8,7.5,-6
40,39,2015-01-16,29-344,WAS,L (-22),BRK,0,19:09,5,8,.625,0,0,,2,2,1.000,2,6,8,1,0,0,0,1,12,11.9,-1
41,,,,,,,,,,,,,,,,,,,,,,,,,,,,
42,40,2015-01-17,29-345,WAS,W (+9),BRK,0,19:20,6,7,.857,0,0,,1,1,1.000,2,2,4,0,0,0,0,2,13,11.7,0
43,41,2015-01-19,29-347,WAS,W (+35),PHI,0,25:03,2,7,.286,0,0,,2,4,.500,2,7,9,1,1,0,2,3,6,3.1,+20
44,42,2015-01-21,29-349,WAS,L (-2),OKC,0,18:42,1,3,.333,0,0,,2,2,1.000,2,7,9,0,0,0,1,2,4,4.0,-2
45,43,2015-01-24,29-352,WAS,L (-7),POR,0,19:03,2,6,.333,0,0,,0,0,,0,4,4,0,1,0,0,0,4,2.8,-12
46,44,2015-01-25,29-353,WAS,W (+2),DEN,0,33:12,9,13,.692,0,0,,3,4,.750,4,10,14,1,0,0,1,3,21,19.4,0
47,45,2015-01-27,29-355,WAS,W (+6),LAL,0,25:56,2,5,.400,0,0,,4,4,1.000,3,8,11,0,1,0,1,1,8,9.4,+1
48,46,2015-01-28,29-356,WAS,L (-8),PHO,1,33:02,4,8,.500,0,0,,3,4,.750,6,9,15,1,0,0,2,1,11,11.8,0
49,47,2015-01-31,29-359,WAS,L (-4),TOR,0,29:36,3,8,.375,0,0,,4,4,1.000,5,9,14,1,0,0,1,2,10,10.7,-2
50,48,2015-02-02,29-361,WAS,L (-4),CHO,0,25:32,4,8,.500,0,0,,5,6,.833,3,2,5,1,1,0,0,0,13,13.0,+6
51,49,2015-02-04,29-363,WAS,L (-9),ATL,0,18:33,0,4,.000,0,0,,0,0,,0,6,6,0,1,1,0,1,0,0.3,-14
52,50,2015-02-05,29-364,WAS,L (-7),CHO,0,22:19,2,9,.222,0,0,,0,0,,1,4,5,1,0,0,0,1,4,0.7,-7
53,51,2015-02-07,30-001,WAS,W (+37),BRK,0,21:14,4,8,.500,0,0,,1,2,.500,4,7,11,2,1,0,0,2,9,11.1,+20
54,52,2015-02-09,30-003,WAS,W (+16),ORL,0,3:31,2,2,1.000,0,0,,2,2,1.000,1,2,3,0,0,0,1,0,6,5.7,0
55,,2015-02-11,30-005,WAS,L (-2),TOR,Did Not Dress,,,,,,,,,,,,,,,,,,,,,
56,53,2015-02-20,30-014,WAS,L (-38),CLE,0,17:48,3,5,.600,0,0,,1,1,1.000,3,3,6,2,0,0,0,3,7,7.9,-17
57,54,2015-02-22,30-016,WAS,L (-17),DET,0,18:25,5,6,.833,0,0,,1,2,.500,1,6,7,1,1,0,0,3,11,11.4,+7
58,55,2015-02-24,30-018,WAS,L (-7),GSW,0,17:05,3,5,.600,0,0,,0,0,,2,3,5,0,0,0,1,1,6,4.6,-1
59,56,2015-02-25,30-019,WAS,L (-20),MIN,0,12:16,2,4,.500,0,0,,0,0,,0,2,2,0,1,0,1,1,4,2.2,-11
60,,2015-02-27,30-021,WAS,L (-8),PHI,Did Not Dress,,,,,,,,,,,,,,,,,,,,,
61,,2015-02-28,30-022,WAS,W (+4),DET,Inactive,,,,,,,,,,,,,,,,,,,,,
62,,,,,,,,,,,,,,,,,,,,,,,,,,,,
63,,2015-03-03,30-025,WAS,L (-5),CHI,Inactive,,,,,,,,,,,,,,,,,,,,,
64,,2015-03-06,30-028,WAS,W (+2),MIA,Inactive,,,,,,,,,,,,,,,,,,,,,
65,,2015-03-07,30-029,WAS,L (-6),MIL,Inactive,,,,,,,,,,,,,,,,,,,,,
66,,2015-03-09,30-031,WAS,W (+26),CHO,Inactive,,,,,,,,,,,,,,,,,,,,,
67,,2015-03-12,30-034,WAS,W (+20),MEM,Inactive,,,,,,,,,,,,,,,,,,,,,
68,,2015-03-14,30-036,WAS,W (+16),SAC,Inactive,,,,,,,,,,,,,,,,,,,,,
69,,2015-03-16,30-038,WAS,W (+8),POR,Inactive,,,,,,,,,,,,,,,,,,,,,
70,,2015-03-18,30-040,WAS,W (+4),UTA,Inactive,,,,,,,,,,,,,,,,,,,,,
71,,2015-03-20,30-042,WAS,L (-14),LAC,Inactive,,,,,,,,,,,,,,,,,,,,,
72,,2015-03-22,30-044,WAS,L (-23),SAC,Inactive,,,,,,,,,,,,,,,,,,,,,
73,,2015-03-23,30-045,WAS,L (-31),GSW,Inactive,,,,,,,,,,,,,,,,,,,,,
74,,2015-03-25,30-047,WAS,L (-2),IND,Inactive,,,,,,,,,,,,,,,,,,,,,
75,,2015-03-27,30-049,WAS,W (+3),CHO,Inactive,,,,,,,,,,,,,,,,,,,,,
76,,2015-03-29,30-051,WAS,L (-8),HOU,Inactive,,,,,,,,,,,,,,,,,,,,,
77,57,2015-04-01,30-054,WAS,W (+13),PHI,0,14:32,3,6,.500,0,0,,0,0,,0,1,1,1,1,1,0,3,6,4.5,-6
78,58,2015-04-03,30-056,WAS,W (+14),NYK,0,24:43,4,10,.400,0,1,.000,0,0,,1,6,7,2,0,0,1,3,8,4.3,-8
79,59,2015-04-04,30-057,WAS,W (+9),MEM,0,17:45,1,4,.250,0,1,.000,0,2,.000,0,3,3,1,1,0,0,1,2,1.0,+3
80,60,2015-04-08,30-061,WAS,W (+29),PHI,0,19:37,5,6,.833,0,0,,2,3,.667,1,6,7,2,0,1,0,4,12,12.4,+2
81,61,2015-04-10,30-063,WAS,L (-37),BRK,0,14:15,3,6,.500,0,0,,0,0,,2,3,5,1,1,0,1,3,6,4.8,-13
82,62,2015-04-12,30-065,WAS,W (+9),ATL,0,14:40,0,2,.000,0,0,,3,6,.500,1,3,4,0,0,0,1,2,3,0.2,0
83,,,,,,,,,,,,,,,,,,,,,,,,,,,,
84,63,2015-04-14,30-067,WAS,L (-4),IND,0,18:42,3,8,.375,0,0,,0,0,,2,7,9,0,1,1,1,2,6,5.0,-1
85,64,2015-04-15,30-068,WAS,L (-5),CLE,1,28:52,4,7,.571,0,1,.000,4,4,1.000,3,2,5,2,0,0,0,1,12,12.4,0
0,1,2015-10-28,30-264,WAS,W (+1),ORL,1,26:00,4,9,.444,1,3,.333,2,2,1.000,2,4,6,0,1,0,3,2,11,6.1,+9
1,2,2015-10-30,30-266,WAS,W (+5),MIL,1,14:11,1,4,.250,1,2,.500,2,2,1.000,2,1,3,0,0,0,1,0,5,3.3,-15
2,3,2015-10-31,30-267,WAS,L (-7),NYK,1,14:34,0,1,.000,0,0,,2,2,1.000,0,3,3,3,0,0,0,2,2,3.5,-2
3,4,2015-11-04,30-271,WAS,W (+3),SAS,1,22:40,3,7,.429,1,4,.250,0,0,,0,6,6,0,0,0,0,2,7,4.3,+6
4,5,2015-11-06,30-273,WAS,L (-20),BOS,1,20:52,3,5,.600,3,4,.750,0,0,,2,4,6,0,0,1,0,3,9,8.8,+3
5,6,2015-11-07,30-274,WAS,L (-15),ATL,1,25:05,3,10,.300,1,5,.200,2,2,1.000,0,6,6,0,0,0,1,3,9,2.8,-15
6,7,2015-11-10,30-277,WAS,L (-24),OKC,1,17:33,3,6,.500,1,2,.500,0,0,,1,4,5,3,0,2,0,1,7,9.0,-13
7,8,2015-11-14,30-281,WAS,W (+9),ORL,1,29:44,9,14,.643,5,8,.625,0,0,,1,4,5,0,0,2,1,2,23,18.3,+7
8,9,2015-11-17,30-284,WAS,W (+29),MIL,1,20:44,2,4,.500,1,2,.500,4,4,1.000,1,3,4,1,0,1,1,1,9,8.6,-5
9,10,2015-11-21,30-288,WAS,W (+2),DET,1,16:48,0,7,.000,0,4,.000,0,0,,2,3,5,0,0,0,1,0,0,-3.6,-10
10,11,2015-11-24,30-291,WAS,L (-17),IND,1,8:51,0,1,.000,0,1,.000,0,0,,1,0,1,0,0,0,1,0,0,-1.0,-5
11,12,2015-11-25,30-292,WAS,L (-14),CHO,1,17:01,2,6,.333,1,5,.200,0,0,,2,5,7,2,0,1,1,1,5,5.2,+3
12,13,2015-11-27,30-294,WAS,L (-33),BOS,1,12:51,0,5,.000,0,1,.000,0,0,,1,3,4,0,1,1,1,2,0,-2.0,-17
13,14,2015-11-28,30-295,WAS,L (-2),TOR,0,14:05,2,3,.667,0,0,,0,0,,1,4,5,1,0,1,1,0,4,5.0,+2
14,15,2015-12-01,30-298,WAS,W (+12),CLE,0,9:05,0,3,.000,0,1,.000,0,0,,0,2,2,0,0,0,0,2,0,-2.3,0
15,16,2015-12-02,30-299,WAS,L (-4),LAL,0,11:07,3,7,.429,1,2,.500,2,2,1.000,2,2,4,1,0,0,0,2,9,7.2,+10
16,,2015-12-04,30-301,WAS,W (+3),PHO,Did Not Dress,,,,,,,,,,,,,,,,,,,,,
17,,2015-12-06,30-303,WAS,L (-12),DAL,Did Not Dress,,,,,,,,,,,,,,,,,,,,,
18,17,2015-12-07,30-304,WAS,W (+11),MIA,0,17:28,1,5,.200,0,1,.000,0,0,,1,1,2,1,0,0,0,3,2,-0.6,0
19,,2015-12-09,30-306,WAS,L (-6),HOU,Did Not Dress,,,,,,,,,,,,,,,,,,,,,
20,,,,,,,,,,,,,,,,,,,,,,,,,,,,
21,,2015-12-11,30-308,WAS,L (-2),NOP,Did Not Dress,,,,,,,,,,,,,,,,,,,,,
22,,2015-12-12,30-309,WAS,W (+3),DAL,Did Not Play,,,,,,,,,,,,,,,,,,,,,
23,18,2015-12-14,30-311,WAS,L (-17),MEM,0,18:14,2,7,.286,0,2,.000,1,2,.500,3,2,5,2,0,1,0,2,5,4.5,+2
24,19,2015-12-16,30-313,WAS,L (-19),SAS,1,28:48,4,8,.500,0,2,.000,0,0,,3,6,9,1,0,0,2,2,8,5.8,-11
25,20,2015-12-19,30-316,WAS,W (+8),CHO,0,16:20,2,3,.667,0,0,,1,1,1.000,0,4,4,0,0,0,0,1,5,4.5,-4
26,21,2015-12-21,30-318,WAS,W (+14),SAC,0,16:54,4,7,.571,3,3,1.000,4,4,1.000,0,1,1,0,0,1,0,2,15,11.9,-6
27,22,2015-12-23,30-320,WAS,W (+9),MEM,0,17:01,2,4,.500,2,3,.667,2,2,1.000,0,3,3,0,0,1,2,0,8,5.6,-2
28,23,2015-12-26,30-323,WAS,W (+15),BRK,0,19:47,4,9,.444,1,4,.250,1,2,.500,0,8,8,1,1,0,0,1,10,8.6,-4
29,24,2015-12-28,30-325,WAS,L (-17),LAC,0,9:49,1,4,.250,0,2,.000,2,2,1.000,0,1,1,0,0,0,2,3,4,-1.3,-7
30,25,2015-12-30,30-327,WAS,L (-3),TOR,0,11:55,3,6,.500,0,1,.000,0,0,,1,2,3,0,0,0,2,2,6,1.5,-6
31,26,2016-01-01,30-329,WAS,W (+12),ORL,0,12:39,4,6,.667,1,3,.333,2,2,1.000,0,3,3,0,0,1,0,2,11,9.2,+1
32,27,2016-01-03,30-331,WAS,L (-22),MIA,0,11:34,2,6,.333,0,1,.000,2,2,1.000,0,2,2,0,0,1,0,1,6,3.5,-5
33,,2016-01-06,30-334,WAS,L (-6),CLE,Inactive,,,,,,,,,,,,,,,,,,,,,
34,,2016-01-08,30-336,WAS,L (-9),TOR,Inactive,,,,,,,,,,,,,,,,,,,,,
35,,2016-01-09,30-337,WAS,W (+6),ORL,Inactive,,,,,,,,,,,,,,,,,,,,,
36,,2016-01-11,30-339,WAS,W (+14),CHI,Inactive,,,,,,,,,,,,,,,,,,,,,
37,,2016-01-13,30-341,WAS,W (+5),MIL,Inactive,,,,,,,,,,,,,,,,,,,,,
38,,2016-01-15,30-343,WAS,W (+14),IND,Inactive,,,,,,,,,,,,,,,,,,,,,
39,,2016-01-16,30-344,WAS,L (-2),BOS,Inactive,,,,,,,,,,,,,,,,,,,,,
40,,2016-01-18,30-346,WAS,L (-10),POR,Inactive,,,,,,,,,,,,,,,,,,,,,
41,,,,,,,,,,,,,,,,,,,,,,,,,,,,
42,,2016-01-20,30-348,WAS,W (+19),MIA,Inactive,,,,,,,,,,,,,,,,,,,,,
43,,2016-01-25,30-353,WAS,L (-25),BOS,Inactive,,,,,,,,,,,,,,,,,,,,,
44,,2016-01-26,30-354,WAS,L (-17),TOR,Inactive,,,,,,,,,,,,,,,,,,,,,
45,,2016-01-28,30-356,WAS,L (-4),DEN,Inactive,,,,,,,,,,,,,,,,,,,,,
46,,2016-01-30,30-358,WAS,W (+1),HOU,Inactive,,,,,,,,,,,,,,,,,,,,,
47,,2016-02-01,30-360,WAS,L (-16),OKC,Inactive,,,,,,,,,,,,,,,,,,,,,
48,,2016-02-03,30-362,WAS,L (-13),GSW,Inactive,,,,,,,,,,,,,,,,,,,,,
49,,2016-02-05,30-364,WAS,W (+12),PHI,Inactive,,,,,,,,,,,,,,,,,,,,,
50,,2016-02-06,31-000,WAS,L (-4),CHO,Inactive,,,,,,,,,,,,,,,,,,,,,
51,28,2016-02-09,31-003,WAS,W (+3),NYK,0,3:50,0,1,.000,0,1,.000,0,0,,0,2,2,0,0,0,0,0,0,-0.1,+3
52,,2016-02-11,31-005,WAS,L (-7),MIL,Inactive,,,,,,,,,,,,,,,,,,,,,
53,,2016-02-18,31-012,WAS,W (+14),UTA,Inactive,,,,,,,,,,,,,,,,,,,,,
54,29,2016-02-19,31-013,PHO,L (-16),HOU,0,27:12,5,13,.385,2,5,.400,6,6,1.000,4,8,12,2,1,2,0,5,18,17.9,+2
55,30,2016-02-21,31-015,PHO,L (-7),SAS,1,24:16,3,7,.429,1,3,.333,0,0,,1,2,3,4,1,0,1,1,7,7.0,-8
56,31,2016-02-22,31-016,PHO,L (-40),LAC,1,11:55,2,7,.286,0,1,.000,0,2,.000,0,7,7,0,1,0,0,1,4,1.8,-18
57,32,2016-02-25,31-019,PHO,L (-10),BRK,1,10:51,0,9,.000,0,1,.000,0,0,,6,4,10,1,0,0,3,1,0,-3.6,+1
58,,2016-02-27,31-021,PHO,W (+5),MEM,Did Not Play,,,,,,,,,,,,,,,,,,,,,
59,,2016-03-01,31-024,ATL,L (-4),GSW,Did Not Play,,,,,,,,,,,,,,,,,,,,,
60,33,2016-03-04,31-027,ATL,W (+29),LAL,0,22:23,4,7,.571,1,2,.500,5,6,.833,3,5,8,0,1,1,1,1,14,14.2,+24
61,34,2016-03-05,31-028,ATL,W (+10),LAC,0,13:29,2,6,.333,0,2,.000,0,0,,0,1,1,1,0,0,0,6,4,-0.8,+2
62,,,,,,,,,,,,,,,,,,,,,,,,,,,,
63,35,2016-03-08,31-031,ATL,W (+7),UTA,0,18:06,4,9,.444,0,2,.000,0,2,.000,0,2,2,0,0,1,0,3,8,2.6,+8
64,36,2016-03-10,31-033,ATL,L (-8),TOR,0,14:46,2,6,.333,0,1,.000,5,6,.833,2,2,4,0,0,0,0,3,9,6.0,-5
65,37,2016-03-12,31-035,ATL,W (+12),MEM,0,14:59,1,3,.333,1,2,.500,2,4,.500,3,3,6,1,2,0,2,3,5,5.0,+6
66,38,2016-03-13,31-036,ATL,W (+29),IND,0,21:30,3,6,.500,1,1,1.000,0,0,,0,7,7,2,1,1,1,1,7,7.8,+11
67,39,2016-03-16,31-039,ATL,W (+4),DET,0,11:30,3,6,.500,1,2,.500,0,0,,2,1,3,0,0,0,1,3,7,3.5,-15
68,40,2016-03-17,31-040,ATL,W (+18),DEN,0,17:09,3,8,.375,0,2,.000,5,6,.833,2,1,3,0,0,0,1,5,11,4.9,-5
69,41,2016-03-19,31-042,ATL,W (+12),HOU,0,13:49,3,4,.750,0,0,,0,1,.000,1,2,3,2,0,1,0,3,6,6.2,-6
70,42,2016-03-21,31-044,ATL,L (-15),WAS,0,5:16,1,2,.500,0,0,,0,0,,0,3,3,0,0,0,0,0,2,1.9,-2
71,43,2016-03-23,31-046,ATL,W (+21),WAS,0,16:44,4,6,.667,0,2,.000,1,2,.500,1,3,4,1,2,2,1,1,9,10.3,+16
72,44,2016-03-25,31-048,ATL,W (+11),MIL,0,17:57,3,6,.500,1,3,.333,4,4,1.000,1,3,4,1,0,0,1,3,11,8.1,+14
73,45,2016-03-26,31-049,ATL,W (+17),DET,0,21:12,5,8,.625,0,2,.000,1,1,1.000,2,3,5,0,0,0,0,2,11,8.9,0
74,46,2016-03-28,31-051,ATL,W (+2),CHI,0,14:11,3,4,.750,1,2,.500,2,2,1.000,1,5,6,0,0,0,0,3,9,8.4,-7
75,47,2016-03-30,31-053,ATL,L (-8),TOR,0,14:27,1,3,.333,1,3,.333,1,1,1.000,0,2,2,1,0,0,3,4,4,-1.0,-10
76,48,2016-04-01,31-055,ATL,L (-2),CLE,0,13:14,0,4,.000,0,2,.000,3,4,.750,1,2,3,1,0,1,0,2,3,1.7,-20
77,49,2016-04-05,31-059,ATL,W (+13),PHO,0,10:33,2,4,.500,1,2,.500,0,0,,0,1,1,1,0,0,2,0,5,2.0,-19
78,50,2016-04-07,31-061,ATL,W (+8),TOR,0,3:14,0,1,.000,0,1,.000,0,0,,0,0,0,0,0,0,0,0,0,-0.7,0
79,51,2016-04-09,31-063,ATL,W (+11),BOS,0,8:00,1,2,.500,0,0,,1,2,.500,0,1,1,0,1,0,0,0,3,2.9,+4
80,52,2016-04-11,31-065,ATL,L (-15),CLE,0,11:25,1,3,.333,0,0,,1,2,.500,0,2,2,1,0,0,1,0,3,1.2,0
81,53,2016-04-13,31-067,ATL,L (-11),WAS,0,11:06,1,3,.333,0,0,,1,2,.500,1,2,3,1,3,0,0,1,3,5.5,+3
0,1,2016-10-27,31-264,ATL,W (+15),WAS,0,9:23,0,1,.000,0,0,,0,0,,0,3,3,0,0,0,1,0,0,-0.8,+1
1,2,2016-10-29,31-266,ATL,W (+32),PHI,0,22:25,1,6,.167,0,1,.000,1,2,.500,1,9,10,1,2,2,2,1,3,3.9,+13
2,3,2016-10-31,31-268,ATL,W (+11),SAC,0,13:10,1,1,1.000,1,1,1.000,2,2,1.000,0,1,1,2,0,0,1,1,5,5.0,+1
3,4,2016-11-02,31-270,ATL,L (-7),LAL,0,13:50,3,6,.500,1,2,.500,4,4,1.000,1,0,1,1,0,0,2,3,11,6.2,-10
4,5,2016-11-04,31-272,ATL,L (-3),WAS,0,5:58,0,2,.000,0,0,,0,0,,1,1,2,0,0,1,0,1,0,-0.1,-8
5,,2016-11-05,31-273,ATL,W (+15),HOU,Did Not Play,,,,,,,,,,,,,,,,,,,,,
6,6,2016-11-08,31-276,ATL,W (+4),CLE,0,3:50,0,1,.000,0,1,.000,0,0,,0,2,2,1,0,0,0,1,0,0.2,-1
7,7,2016-11-09,31-277,ATL,W (+8),CHI,0,11:38,0,1,.000,0,0,,2,2,1.000,1,1,2,0,0,1,0,0,2,3.0,+12
8,8,2016-11-12,31-280,ATL,W (+21),PHI,0,18:29,5,7,.714,1,2,.500,2,2,1.000,4,5,9,2,0,1,0,3,13,15.3,+14
9,9,2016-11-15,31-283,ATL,W (+3),MIA,0,3:43,0,1,.000,0,1,.000,0,0,,1,0,1,0,0,1,1,0,0,-0.3,-2
10,10,2016-11-16,31-284,ATL,W (+7),MIL,0,14:48,2,4,.500,0,1,.000,2,2,1.000,1,1,2,1,0,2,0,2,6,6.3,-3
11,11,2016-11-18,31-286,ATL,L (-4),CHO,0,4:29,1,2,.500,1,1,1.000,0,0,,0,2,2,1,0,0,1,0,3,2.3,-2
12,12,2016-11-20,31-288,ATL,L (-10),NYK,0,4:48,0,1,.000,0,0,,0,0,,1,1,2,0,1,0,1,0,0,0.3,-4
13,13,2016-11-22,31-290,ATL,L (-18),NOP,0,13:36,2,4,.500,0,2,.000,0,0,,0,3,3,0,0,0,0,2,4,2.1,-4
14,,2016-11-23,31-291,ATL,W (+11),IND,Did Not Play,,,,,,,,,,,,,,,,,,,,,
15,14,2016-11-25,31-293,ATL,L (-27),UTA,0,7:00,1,2,.500,0,1,.000,0,0,,0,1,1,0,0,0,1,0,2,0.3,-4
16,,2016-11-27,31-295,ATL,L (-15),LAL,Did Not Play,,,,,,,,,,,,,,,,,,,,,
17,,2016-11-28,31-296,ATL,L (-5),GSW,Did Not Play,,,,,,,,,,,,,,,,,,,,,
18,15,2016-11-30,31-298,ATL,L (-2),PHO,0,14:47,2,4,.500,0,1,.000,1,2,.500,1,2,3,0,0,1,1,1,5,3.2,-12
19,16,2016-12-02,31-300,ATL,L (-36),DET,0,18:48,3,12,.250,1,2,.500,3,4,.750,3,2,5,0,0,0,0,0,10,5.1,-14
20,,,,,,,,,,,,,,,,,,,,,,,,,,,,
21,17,2016-12-03,31-301,ATL,L (-44),TOR,0,17:28,4,8,.500,1,2,.500,1,1,1.000,1,2,3,0,0,0,0,2,10,6.5,-13
22,18,2016-12-05,31-303,ATL,L (-3),OKC,0,3:36,1,2,.500,0,0,,0,0,,1,0,1,0,0,0,1,1,2,0.3,-6
23,19,2016-12-07,31-305,ATL,W (+8),MIA,0,4:05,0,2,.000,0,0,,0,0,,2,0,2,0,0,0,1,1,0,-1.4,-7
24,,2016-12-09,31-307,ATL,W (+4),MIL,Did Not Play,,,,,,,,,,,,,,,,,,,,,
25,,2016-12-13,31-311,ATL,L (-11),ORL,Did Not Play,,,,,,,,,,,,,,,,,,,,,
26,20,2016-12-16,31-314,ATL,W (+4),TOR,0,0:45,0,0,,0,0,,0,0,,0,0,0,0,0,0,0,0,0,0.0,-1
27,,2016-12-17,31-315,ATL,L (-8),CHO,Did Not Play,,,,,,,,,,,,,,,,,,,,,
28,,2016-12-19,31-317,ATL,W (+2),OKC,Did Not Play,,,,,,,,,,,,,,,,,,,,,
29,,2016-12-21,31-319,ATL,L (-8),MIN,Did Not Play,,,,,,,,,,,,,,,,,,,,,
30,21,2016-12-23,31-321,ATL,W (+1),DEN,1,22:22,4,10,.400,0,1,.000,2,2,1.000,3,5,8,2,0,1,1,4,10,7.7,-9
31,22,2016-12-26,31-324,ATL,L (-14),MIN,0,10:54,3,5,.600,0,1,.000,6,7,.857,5,0,5,2,0,0,0,0,12,14.2,+12
32,23,2016-12-28,31-326,ATL,W (+4),NYK,0,11:55,2,7,.286,0,1,.000,2,2,1.000,2,4,6,0,1,0,0,0,6,5.5,+5
33,24,2016-12-30,31-328,ATL,W (+7),DET,0,10:05,2,3,.667,1,1,1.000,0,0,,1,1,2,1,0,0,0,2,5,4.6,-3
34,25,2017-01-01,31-330,ATL,W (+2),SAS,0,6:15,0,1,.000,0,0,,0,0,,0,2,2,0,1,0,0,0,0,0.9,+7
35,26,2017-01-04,31-333,ATL,W (+19),ORL,0,14:18,2,5,.400,0,1,.000,2,2,1.000,0,0,0,0,0,1,0,0,6,4.0,+4
36,27,2017-01-05,31-334,ATL,W (+5),NOP,0,10:01,1,4,.250,0,1,.000,0,0,,0,2,2,0,0,0,1,2,2,-1.6,+2
37,28,2017-01-07,31-336,ATL,W (+15),DAL,0,5:12,0,1,.000,0,0,,0,0,,0,2,2,0,0,0,2,0,0,-2.1,-3
38,29,2017-01-10,31-339,ATL,W (+20),BRK,0,16:20,5,8,.625,0,1,.000,3,4,.750,2,6,8,2,1,1,0,3,13,14.1,+7
39,30,2017-01-13,31-342,ATL,L (-2),BOS,0,3:51,1,1,1.000,0,0,,0,0,,0,1,1,0,0,0,1,0,2,1.0,+2
40,31,2017-01-15,31-344,ATL,W (+13),MIL,0,10:58,1,3,.333,0,0,,0,0,,1,2,3,0,1,1,0,0,2,3.3,+5
41,,,,,,,,,,,,,,,,,,,,,,,,,,,,
42,32,2017-01-16,31-345,ATL,W (+1),NYK,0,24:13,3,5,.600,3,3,1.000,5,8,.625,3,4,7,1,1,0,1,2,14,13.7,+4
43,33,2017-01-18,31-347,ATL,L (-23),DET,0,19:31,4,5,.800,1,2,.500,4,4,1.000,1,1,2,1,0,0,1,4,13,10.2,-9
44,34,2017-01-20,31-349,ATL,W (+9),CHI,0,20:11,3,6,.500,1,2,.500,0,0,,3,6,9,2,1,1,0,4,7,9.4,-2
45,35,2017-01-21,31-350,ATL,W (+17),PHI,0,15:53,2,4,.500,0,0,,3,4,.750,1,8,9,0,0,0,0,2,7,6.9,+16
46,36,2017-01-23,31-352,ATL,L (-10),LAC,0,5:56,0,1,.000,0,1,.000,0,0,,1,2,3,0,0,0,0,0,0,0.6,-6
47,37,2017-01-25,31-354,ATL,W (+5),CHI,0,13:47,1,4,.250,0,2,.000,0,0,,0,5,5,0,1,0,0,2,2,1.3,-3
48,38,2017-01-27,31-356,ATL,L (-26),WAS,0,17:00,0,2,.000,0,1,.000,0,0,,0,3,3,0,0,1,2,1,0,-2.2,-9
49,39,2017-01-29,31-358,ATL,W (+3),NYK,0,9:48,0,2,.000,0,0,,0,0,,1,0,1,0,0,0,0,2,0,-1.5,-1
50,40,2017-02-01,31-361,ATL,L (-23),MIA,0,16:26,3,4,.750,1,1,1.000,1,2,.500,0,3,3,0,1,1,0,1,8,8.2,-6
51,,2017-02-02,31-362,ATL,W (+5),HOU,Did Not Play,,,,,,,,,,,,,,,,,,,,,
52,41,2017-02-04,31-364,ATL,W (+27),ORL,0,12:00,2,4,.500,0,0,,2,2,1.000,1,2,3,1,0,0,1,1,6,4.6,+1
53,,2017-02-06,32-000,ATL,L (-25),UTA,Did Not Play,,,,,,,,,,,,,,,,,,,,,
54,42,2017-02-08,32-002,ATL,W (+11),DEN,0,12:34,3,4,.750,1,2,.500,0,0,,0,4,4,1,0,0,0,3,7,6.1,-4
55,43,2017-02-10,32-004,ATL,L (-1),SAC,0,12:18,2,2,1.000,1,1,1.000,0,2,.000,0,4,4,0,0,0,0,2,5,4.0,-6
56,,2017-02-13,32-007,ATL,W (+5),POR,Did Not Play,,,,,,,,,,,,,,,,,,,,,
57,44,2017-02-15,32-009,ATL,L (-15),LAC,0,13:53,1,2,.500,0,1,.000,1,2,.500,1,3,4,0,0,0,1,2,3,1.4,+8
58,45,2017-02-24,32-018,ATL,L (-18),MIA,0,9:55,2,3,.667,0,0,,0,0,,1,3,4,0,0,0,0,0,4,4.3,+8
59,,2017-02-25,32-019,ATL,L (-19),ORL,Did Not Play,,,,,,,,,,,,,,,,,,,,,
60,,2017-02-27,32-021,ATL,W (+16),BOS,Did Not Play,,,,,,,,,,,,,,,,,,,,,
61,,2017-03-01,32-023,ATL,W (+5),DAL,Did Not Play,,,,,,,,,,,,,,,,,,,,,
62,,,,,,,,,,,,,,,,,,,,,,,,,,,,
63,,2017-03-03,32-025,ATL,L (-5),CLE,Did Not Play,,,,,,,,,,,,,,,,,,,,,
64,,2017-03-05,32-027,ATL,L (-1),IND,Did Not Play,,,,,,,,,,,,,,,,,,,,,
65,,2017-03-06,32-028,ATL,L (-8),GSW,Did Not Play,,,,,,,,,,,,,,,,,,,,,
66,,2017-03-08,32-030,ATL,W (+5),BRK,Did Not Play,,,,,,,,,,,,,,,,,,,,,
67,,2017-03-10,32-032,ATL,W (+6),TOR,Did Not Play,,,,,,,,,,,,,,,,,,,,,
68,46,2017-03-11,32-033,ATL,W (+17),MEM,1,19:39,0,3,.000,0,0,,1,2,.500,1,7,8,0,0,2,1,4,1,0.1,+10
69,,2017-03-13,32-035,ATL,L (-8),SAS,Did Not Play,,,,,,,,,,,,,,,,,,,,,
70,,2017-03-16,32-038,ATL,L (-12),MEM,Did Not Play,,,,,,,,,,,,,,,,,,,,,
71,,2017-03-18,32-040,ATL,L (-16),POR,Did Not Play,,,,,,,,,,,,,,,,,,,,,
72,47,2017-03-20,32-042,ATL,L (-15),CHO,0,9:21,1,2,.500,0,1,.000,0,0,,0,6,6,1,0,0,0,0,2,3.5,+2
73,48,2017-03-22,32-044,ATL,L (-4),WAS,0,11:56,2,4,.500,0,0,,2,2,1.000,1,2,3,0,0,0,0,1,6,4.9,-9
74,49,2017-03-24,32-046,ATL,L (-3),MIL,0,12:21,2,7,.286,1,2,.500,0,0,,1,2,3,0,0,0,0,2,5,1.4,-8
75,50,2017-03-26,32-048,ATL,L (-15),BRK,0,11:43,1,3,.333,0,1,.000,0,0,,1,0,1,0,0,1,0,0,2,1.7,-16
76,51,2017-03-28,32-050,ATL,W (+4),PHO,0,10:29,0,3,.000,0,0,,7,8,.875,2,3,5,2,0,0,1,2,7,6.4,+4
77,52,2017-03-29,32-051,ATL,W (+7),PHI,0,10:52,0,3,.000,0,0,,2,2,1.000,1,3,4,0,0,0,0,0,2,1.5,-2
78,53,2017-04-01,32-054,ATL,L (-2),CHI,0,6:45,0,3,.000,0,1,.000,0,0,,0,2,2,0,0,0,0,0,0,-1.5,+1
79,,2017-04-02,32-055,ATL,L (-9),BRK,Did Not Play,,,,,,,,,,,,,,,,,,,,,
80,,2017-04-06,32-059,ATL,W (+7),BOS,Inactive,,,,,,,,,,,,,,,,,,,,,
81,54,2017-04-07,32-060,ATL,W (+14),CLE,1,25:02,5,10,.500,2,3,.667,0,0,,1,6,7,4,1,0,1,2,12,11.5,-13
82,,2017-04-09,32-062,ATL,W (+1),CLE,Did Not Play,,,,,,,,,,,,,,,,,,,,,
83,,,,,,,,,,,,,,,,,,,,,,,,,,,,
84,55,2017-04-11,32-064,ATL,W (+27),CHO,0,10:32,1,4,.250,1,2,.500,2,2,1.000,2,2,4,0,3,0,1,0,5,6.6,+2
85,56,2017-04-12,32-065,ATL,L (-18),IND,1,27:46,2,9,.222,0,3,.000,1,4,.250,4,4,8,0,0,2,0,2,5,2.9,-8
